"id","title","company","location","salary","url","source","posted_date","scraped_at"
"2039f038dfea","Application Engineer Graduate","Johnson Controls","Scoresby, Victoria, Australia","","https://au.linkedin.com/jobs/view/application-engineer-graduate-at-johnson-controls-4348237449","LinkedIn","2025-12-24","2025-12-24T14:15:51.713568"
"afe28798021b","UI UX Graduate","Wobitech","Melbourne, Victoria, Australia","","https://au.linkedin.com/jobs/view/ui-ux-graduate-at-wobitech-4328938204","LinkedIn","2025-12-24","2025-12-24T14:15:51.713462"
"fb57b1fbd9a0","Graduate Engineer","SAGE Automation","Darwin, Northern Territory, Australia","","https://au.linkedin.com/jobs/view/graduate-engineer-at-sage-automation-4344734409","LinkedIn","2025-12-24","2025-12-24T14:15:51.713357"
"f7885062c49e","Project Management Intern","Siemens","Sydney, New South Wales, Australia","","https://au.linkedin.com/jobs/view/project-management-intern-at-siemens-4344532571","LinkedIn","2025-12-24","2025-12-24T14:15:51.713250"
"9315794d4bbc","Engineering Intern","Siemens","Sydney, New South Wales, Australia","","https://au.linkedin.com/jobs/view/engineering-intern-at-siemens-4344355319","LinkedIn","2025-12-24","2025-12-24T14:15:51.713016"
"81a7e0d236fc","Software Development Internship: November 2026","Susquehanna International Group","Sydney, New South Wales, Australia","","https://au.linkedin.com/jobs/view/software-development-internship-november-2026-at-susquehanna-international-group-4283011269","LinkedIn","2025-12-24","2025-12-24T14:15:51.712906"
"72b98b99ffaf","Graduate Software Developer: 2027","Susquehanna International Group","Sydney, New South Wales, Australia","","https://au.linkedin.com/jobs/view/graduate-software-developer-2027-at-susquehanna-international-group-4283012046","LinkedIn","2025-12-24","2025-12-24T14:15:51.712785"
"90ee48098276","Graduate Software Engineer","Fivecast","Adelaide, South Australia, Australia","","https://au.linkedin.com/jobs/view/graduate-software-engineer-at-fivecast-4326713291","LinkedIn","2025-12-24","2025-12-24T14:15:51.712672"
"6b067cd9eef6","Graduate Machine Learning Engineer","Acusensus","Ingleburn, New South Wales, Australia","","https://au.linkedin.com/jobs/view/graduate-machine-learning-engineer-at-acusensus-4328097473","LinkedIn","2025-12-24","2025-12-24T14:15:51.712547"
"ae88ab0ee67c","MCP & Tools Python Developer - Agent Evaluation Infrastructure","Mindrift","Australia","","https://au.linkedin.com/jobs/view/mcp-tools-python-developer-agent-evaluation-infrastructure-at-mindrift-4345217544","LinkedIn","2025-12-24","2025-12-24T14:15:50.873559"
"ba80391d7f00","Senior Software Engineer (Python/Django)","Kraken","Melbourne, Victoria, Australia","","https://au.linkedin.com/jobs/view/senior-software-engineer-python-django-at-kraken-4344979441","LinkedIn","2025-12-24","2025-12-24T14:15:50.873446"
"c64afed715ad","Python Developer","BURGEON IT SERVICES","Sydney, New South Wales, Australia","","https://au.linkedin.com/jobs/view/python-developer-at-burgeon-it-services-4345961287","LinkedIn","2025-12-24","2025-12-24T14:15:50.873318"
"1af7c5f972a4","Software Engineer, Google Maps","Google","Sydney, New South Wales, Australia","","https://au.linkedin.com/jobs/view/software-engineer-google-maps-at-google-4325348354","LinkedIn","2025-12-24","2025-12-24T14:15:49.811235"
"6e9952486bac","Software Engineering","Microsoft","Sydney, New South Wales, Australia","","https://au.linkedin.com/jobs/view/software-engineering-at-microsoft-4328878738","LinkedIn","2025-12-24","2025-12-24T14:15:49.811121"
"adbd87b17ed3","Software Developer","Centorrino Technologies","Melbourne, Victoria, Australia","","https://au.linkedin.com/jobs/view/software-developer-at-centorrino-technologies-4345782943","LinkedIn","2025-12-24","2025-12-24T14:15:49.810977"
"3fae1aa87d11","Forecasting & Data Analyst","ALDI Stores Australia","Minchinbury, New South Wales, Australia","","https://au.linkedin.com/jobs/view/forecasting-data-analyst-at-aldi-stores-australia-4339489733","LinkedIn","2025-12-24","2025-12-24T14:15:48.572017"
"def9d8ceeee7","Data Analyst","Infomedia","Sydney, New South Wales, Australia","","https://au.linkedin.com/jobs/view/data-analyst-at-infomedia-4328501248","LinkedIn","2025-12-24","2025-12-24T14:15:48.571895"
"d72aa3f101e7","Data Analyst","Green Hat","Hawthorn, Victoria, Australia","","https://au.linkedin.com/jobs/view/data-analyst-at-green-hat-4348944706","LinkedIn","2025-12-24","2025-12-24T14:15:48.571767"
"157e7ef33f9f","Data Engineer","Ingrity","Millers Point, New South Wales, Australia","","https://au.linkedin.com/jobs/view/data-engineer-at-ingrity-4344685542","LinkedIn","2025-12-24","2025-12-24T14:15:47.610235"
"e4af8609b78a","Data Engineer","Cloudwerx","Australia","","https://au.linkedin.com/jobs/view/data-engineer-at-cloudwerx-4344868324","LinkedIn","2025-12-24","2025-12-24T14:15:47.610113"
"776d378eb566","Senior Data Engineer - Data & Analytics","KPMG Australia","Melbourne, Victoria, Australia","","https://au.linkedin.com/jobs/view/senior-data-engineer-data-analytics-at-kpmg-australia-4328506408","LinkedIn","2025-12-24","2025-12-24T14:15:47.609954"
"f5a4815355b8","Careers page","","Fivecast","","https://www.google.com/about/careers/applications/jobs/results/?category=DATA_CENTER_OPERATIONS&category=DEVELOPER_RELATIONS&category=HARDWARE_ENGINEERING&category=INFORMATION_TECHNOLOGY&category=MANUFACTURING_SUPPLY_CHAIN&category=NETWORK_ENGINEERING&category=PRODUCT_MANAGEMENT&category=PROGRAM_MANAGEMENT&category=SOFTWARE_ENGINEERING&category=TECHNICAL_INFRASTRUCTURE_ENGINEERING&category=TECHNICAL_SOLUTIONS&category=TECHNICAL_WRITING&category=USER_EXPERIENCE&jex=ENTRY_LEVEL&employment_type=PART_TIME&employment_type=INTERN&location=Australia","GitHub-AusJobs","2025-12-24","2025-12-24T14:15:45.137912"
"4c3d33c0a284","Student opportunities","","Akuna Capital","","https://careers.imc.com/us/en/students","GitHub-AusJobs","2025-12-24","2025-12-24T14:15:45.137903"
"a35088c522a0","Careers page","","IMC Trading","","https://www.palantir.com/careers/","GitHub-AusJobs","2025-12-24","2025-12-24T14:15:45.137894"
"eb595c67d240","Careers page","","Palantir","","https://www.atlassian.com/company/careers/all-jobs?team=Interns&location=Australia&search=","GitHub-AusJobs","2025-12-24","2025-12-24T14:15:45.137886"
"6cde2e546e84","Careers page","","Atlassian","","https://australiance.vincere.io/careers/?unit=km&radius=100&page=1&search=1","GitHub-AusJobs","2025-12-24","2025-12-24T14:15:45.137879"
"11f970b57c6e","Careers page","","Australiance - Healthtech Startup","","https://jobs.cisco.com/jobs/SearchJobs/intern?21178=%5B214420%5D&21178_format=6020&listFilterMode=1","GitHub-AusJobs","2025-12-24","2025-12-24T14:15:45.137871"
"a74618122a75","Careers page","","CISCO","","https://www.jumptrading.com/careers/","GitHub-AusJobs","2025-12-24","2025-12-24T14:15:45.137862"
"529aa568addd","Summer Intern","Westpac","Sydney, Melbourne","","https://www.westpac.com.au/about-westpac/careers/pathways/grad-program/summer-intern/","GitHub-AusJobs","2025-12-24","2025-12-24T14:15:45.137853"
"b8ebb3fae61d","IT Summer Intern","Boeing","Melbourne, Brisbane, Adelaide","","https://au.prosple.com/graduate-employers/boeing-australia/jobs-internships/it-university-summer-internship","GitHub-AusJobs","2025-12-24","2025-12-24T14:15:45.137845"
"1787bb4051a6","SWE Intern","Aurecon","Sydney","","https://www.aurecongroup.com/careers/early-careers/intern-programme","GitHub-AusJobs","2025-12-24","2025-12-24T14:15:45.137836"
"39fa055f44a5","Summer Intern","UBS","Sydney, Melbourne, Perth","","https://www.ubs.com/global/en/careers/early-careers/opportunities/summer-internship.html","GitHub-AusJobs","2025-12-24","2025-12-24T14:15:45.137825"
"dfc6a3e153ec","Summer Intern (SWE, Data Science, Security)","Canva","Sydney","","https://www.canva.com/newsroom/news/a-look-into-early-talent-at-canva/","GitHub-AusJobs","2025-12-24","2025-12-24T14:15:45.137815"
"cd0882f9c19c","SWE Intern","Resonate Solutions","Sydney","","https://jobs.swagapp.com/AU/jobs/resonate-solutions-pty-limited-software-engineer-intern-open-to-both-part-time-and-full-time-candidates","GitHub-AusJobs","2025-12-24","2025-12-24T14:15:45.137803"
"50927d937b0b","SWE Intern","theTradeDesk","Sydney","","https://careers.thetradedesk.com/early-careers","GitHub-AusJobs","2025-12-24","2025-12-24T14:15:45.137792"
"c1b473c4518c","NAB StarCamp (Bootcamp) & Emerging Tech Talent (Internship Rotations)","Melbourne","Must complete StarCamp to access Tech Talent Internship","","https://www.nab.com.au/about-us/careers/early-careers/technology-talent-program","GitHub-AusJobs","2025-12-24","2025-12-24T14:15:45.137784"
"b66910af4b19","Intern Software Engineer (Testing)","swipejobs","Sydney","","https://swipejobs.breezy.hr/p/07fe79726f76-intern-software-engineer-testing","GitHub-AusJobs","2025-12-24","2025-12-24T14:15:45.137771"
"8a1fcfcc54c5","APAC Intern","Wellington Management","Sydney","","https://www.linkedin.com/jobs/view/intern-client-group-apac-at-wellington-management-3871933188/?original_referer=https%3A%2F%2Fwww%2Egoogle%2Ecom%2F&originalSubdomain=au","GitHub-AusJobs","2025-12-24","2025-12-24T14:15:45.137763"
"ea85bc14c857","Summer Student Program (Data Analytics Stream)","Cochlear","Sydney","","https://www.cochlear.com/au/en/corporate/careers/jobs-at-cochlear/graduates-and-students","GitHub-AusJobs","2025-12-24","2025-12-24T14:15:45.137754"
"5e1facf95a24","Summer Engineering Intern (Full-stack, Front-end, Back-end, Quality)","xero","Major cities","","https://www.xero.com/au/graduate/internships/","GitHub-AusJobs","2025-12-24","2025-12-24T14:15:45.137744"
"62b63d9881b5","Summer internship","BAE Systems","Australia-wide","","https://www.baesystems.com/en-aus/careers/graduate-and-early-careers#1573679801007","GitHub-AusJobs","2025-12-24","2025-12-24T14:15:45.137734"
"dd5935b0607d","Intern (Data Science, Software, Computing, Robotics)","RioTinto","Australia","","https://www.riotinto.com/careers/graduates-students","GitHub-AusJobs","2025-12-24","2025-12-24T14:15:45.137725"
"5da24ccf7d2c","Summer Vacationer","McGrathNichol","Sydney","","https://www.mcgrathnicol.com/students/","GitHub-AusJobs","2025-12-24","2025-12-24T14:15:45.137715"
"4dcec0c71028","Students@Work","UniMelb","Melbourne","","https://students.unimelb.edu.au/careers/find-a-job/working-on-campus/students@work-internship-program","GitHub-AusJobs","2025-12-24","2025-12-24T14:15:45.137707"
"88a02831edaa","Summer Intern","Macquarie","Melbourne, Sydney, Perth, Brisbane","","https://www.macquarie.com/au/en/careers/graduates-and-interns.html","GitHub-AusJobs","2025-12-24","2025-12-24T14:15:45.137699"
"8526e0aa4193","Career Start Program (Network Engineering/SWE)","Telstra","Major cities","","https://www.telstra.com.au/careers/students-and-graduates/career-start-internship","GitHub-AusJobs","2025-12-24","2025-12-24T14:15:45.137687"
"843a800c1d91","Summer Intern (Technology stream)","ANZ","Major cities","","https://www.anz.com.au/careers/programs/summer-intern/","GitHub-AusJobs","2025-12-24","2025-12-24T14:15:45.137677"
"8a2fedcee834","Summer Internship","ResMed","Sydney","","https://resmed.wd3.myworkdayjobs.com/en-US/ResMed_External_Careers/job/Sydney-NSW-Australia/Expression-of-Interest---Summer-Internship-2024-25_JR_032438?q=auearlycareers","GitHub-AusJobs","2025-12-24","2025-12-24T14:15:45.137668"
"677faf0a5a02","Internship","Optiver","Sydney","","https://optiver.com/working-at-optiver/internships/","GitHub-AusJobs","2025-12-24","2025-12-24T14:15:45.137659"
"dcf36f7a7fed","STEM Cadetship","Defence Science & Technology Group","Major Cities","","https://www.dst.defence.gov.au/careers/student-opportunities/stem-cadetship-program","GitHub-AusJobs","2025-12-24","2025-12-24T14:15:45.137651"
"f8a9770f4a3e","Data & Digital Cadetship","Australian Government","Major cities","","https://www.digitalprofession.gov.au/career-development/digital-supported-pathway-programs/data-and-digital-cadet-program","GitHub-AusJobs","2025-12-24","2025-12-24T14:15:45.137641"
"495b793948e5","SWE Intern","Rheinmetall","Brisbane","","https://www.rheinmetall.com/en/job/eoi_engineering_internship_program_/612891","GitHub-AusJobs","2025-12-24","2025-12-24T14:15:45.137632"
"0eb3d05d1013","Internship Program","Philip Morris International (PMI)","Australia","","https://www.inkompass.global/australia-internship-program","GitHub-AusJobs","2025-12-24","2025-12-24T14:15:45.137623"
"4ada621b48e4","SWE Intern","CSG","Brisbane","","https://pages.csgi.com/brisbane-graduate-roles-internships/","GitHub-AusJobs","2025-12-24","2025-12-24T14:15:45.137612"
"57e57e02e90b","SWE Summer Intern","MasterCard","Sydney","","https://careers.mastercard.com/us/en/job/R-225554/Software-Engineer-Intern-2024-2025-Summer-Internship-Australia","GitHub-AusJobs","2025-12-24","2025-12-24T14:15:45.137603"
"2d534fd1a220","Vacation Studentship","CSIRO","Australia","","https://www.csiro.au/en/careers/scholarships-student-opportunities/undergraduate-studentships/undergraduate-vacation-studentships","GitHub-AusJobs","2025-12-24","2025-12-24T14:15:45.137594"
"7edf0e64b9af","SWE Intern (Rolling application)","CalcTree","Sydney (possibly other locations remote)","","https://app.calctree.com/public/Engineering-Internships-Rolling-basis-wUhzYCtxLj6Ag5PBjC8d66","GitHub-AusJobs","2025-12-24","2025-12-24T14:15:45.137586"
"916c1374c3ae","Software Engineer Intern","Resonate CX","Sydney","","https://jobs.swagapp.com/AU/jobs/resonate-solutions-pty-limited-software-engineer-intern-open-to-both-part-time-and-full-time-candidates?src=Linkedin","GitHub-AusJobs","2025-12-24","2025-12-24T14:15:45.137575"
"4710a02652d3","Summer Intern","NAB","Sydney, Melbourne, Brisbane & Perth (only certain streams)","","https://www.nab.com.au/about-us/careers/early-careers/summer-intern-program","GitHub-AusJobs","2025-12-24","2025-12-24T14:15:45.137566"
"c978a4ae84f3","Software Engineering Intern","MongoDB","Sydney","","https://www.mongodb.com/careers/jobs/5961332","GitHub-AusJobs","2025-12-24","2025-12-24T14:15:45.137555"
"f54dbb7c007d","Software Engineering Intern","Freelancer.com","Sydney","","https://apply.workable.com/freelancer/j/6FF7D94E6E/?utm_source=linkedin.com&src=LinkedIn&src=LinkedIn&utm_source=linkedin.com&gh_src=i5qg2y1&utm_source=linkedin.com","GitHub-AusJobs","2025-12-24","2025-12-24T14:15:45.137546"
"55f8351e4a1d","Engineering Intern","GHD","Canberra, NSW (Bega, Nowra, Wagga Wagga & Wollongong)","","https://ejov.fa.ca2.oraclecloud.com/hcmUI/CandidateExperience/en/sites/CX/job/16000?utm_medium=jobboard&utm_source=linkedin","GitHub-AusJobs","2025-12-24","2025-12-24T14:15:45.137536"
"d8e6adbb9e64","Summer Intern (Cyber, Data Science + more)","CommBank","Australia-wide","","https://www.commbank.com.au/about-us/careers/graduate-intern-programs.html","GitHub-AusJobs","2025-12-24","2025-12-24T14:15:45.137522"
"ac5196fe4d1e","Summer Vacationer","ARUP","Major cities","","https://www.arup.com/careers/early-careers/internships/australasia/","GitHub-AusJobs","2025-12-24","2025-12-24T14:15:45.137508"
"1ad2b7dee56c","Advisory Vacationer (Digital & Tech Advisory, Cyber, Risk Advisory)","BDO","Australia","","https://www.bdo.com.au/en-au/about/student-careers","GitHub-AusJobs","2025-12-24","2025-12-24T14:15:45.137497"
"09c9f504717b","Vacationer","Deloitte","Major cities","","https://www.deloitte.com/au/en/careers/students/summer-vacation-program-careers.html","GitHub-AusJobs","2025-12-24","2025-12-24T14:15:45.137481"
"59b9a9c0f481","Tech Consulting Vacationer (AI, Cybersec, SWE, Platforms etc)","EY","Sydney, Melbourne, Canberra, Brisbane, Adelaide, Perth","","https://www.ey.com/en_au/careers/students-apply-here","GitHub-AusJobs","2025-12-24","2025-12-24T14:15:45.137471"
"87e4924e73e1","Engineering Vacationer","KPMG","National","","https://jobs.smartrecruiters.com/ni/KPMGAustralia1/020188bd-86c7-457f-89b1-b086b90057ce-2025-technology-digital-engineering-campaign-vacationer?trid=28eb2d6d-65a4-43a6-82d0-20e7caa7ef29","GitHub-AusJobs","2025-12-24","2025-12-24T14:15:45.137458"
"54f010eae96c","SWE Intern","Airwallex","Melbourne, Sydney","","https://careers.airwallex.com/job/5af58cf9-341b-4f29-bbf4-2623409d7640/2024-25-software-engineer-intern-program/","GitHub-AusJobs","2025-12-24","2025-12-24T14:15:45.137444"
"13b08107fcec","STEM Summer Vacation Placement","Defence Science & Technology Group","Major cities","","https://www.dst.defence.gov.au/careers/student-opportunities/summer-vacation-placement-program","GitHub-AusJobs","2025-12-24","2025-12-24T14:15:45.137433"
"e9f2efe2fa19","Site Reliability Co-Op","CISCO","Sydney","","https://jobs.cisco.com/jobs/ProjectDetail/Site-Reliability-Co-Op-Emerging-Talent-Meraki-APJC/1425346","GitHub-AusJobs","2025-12-24","2025-12-24T14:15:45.137417"
"39fffd291a13","Network Support Engineer Intern","CISCO","Sydney","","https://jobs.cisco.com/jobs/ProjectDetail/Network-Support-Engineer-Intern-Fall-2024-ETR-Sydney-Meraki/1422337","GitHub-AusJobs","2025-12-24","2025-12-24T14:15:45.137399"
"d74a222f7f8e","Graduate Software Developer: 2027","Susquehanna International Group","Sydney, New South Wales, Australia","","https://au.linkedin.com/jobs/view/graduate-software-developer-2027-at-susquehanna-international-group-4283012046","LinkedIn","2025-12-24","2025-12-24T14:05:35.162902"
"d804551489e9","Graduate Software Engineer","Fivecast","Adelaide, South Australia, Australia","","https://au.linkedin.com/jobs/view/graduate-software-engineer-at-fivecast-4326713291","LinkedIn","2025-12-24","2025-12-24T14:05:35.162761"
"c971e6c5f203","Graduate Machine Learning Engineer","Acusensus","Ingleburn, New South Wales, Australia","","https://au.linkedin.com/jobs/view/graduate-machine-learning-engineer-at-acusensus-4328097473","LinkedIn","2025-12-24","2025-12-24T14:05:35.162632"
"4e672479268d","MCP & Tools Python Developer - Agent Evaluation Infrastructure","Mindrift","Australia","","https://au.linkedin.com/jobs/view/mcp-tools-python-developer-agent-evaluation-infrastructure-at-mindrift-4345217544","LinkedIn","2025-12-24","2025-12-24T14:05:34.330119"
"fc816d06fac7","Senior Software Engineer (Python/Django)","Kraken","Melbourne, Victoria, Australia","","https://au.linkedin.com/jobs/view/senior-software-engineer-python-django-at-kraken-4344979441","LinkedIn","2025-12-24","2025-12-24T14:05:34.330007"
"78164bd36fbc","Python Developer","BURGEON IT SERVICES","Sydney, New South Wales, Australia","","https://au.linkedin.com/jobs/view/python-developer-at-burgeon-it-services-4345961287","LinkedIn","2025-12-24","2025-12-24T14:05:34.329883"
"6de8bc78bcc5","Software Engineer, Google Maps","Google","Sydney, New South Wales, Australia","","https://au.linkedin.com/jobs/view/software-engineer-google-maps-at-google-4325348354","LinkedIn","2025-12-24","2025-12-24T14:05:33.586109"
"645877d28faa","Software Engineering","Microsoft","Sydney, New South Wales, Australia","","https://au.linkedin.com/jobs/view/software-engineering-at-microsoft-4328878738","LinkedIn","2025-12-24","2025-12-24T14:05:33.585997"
"dd230042bc38","Software Developer","Centorrino Technologies","Melbourne, Victoria, Australia","","https://au.linkedin.com/jobs/view/software-developer-at-centorrino-technologies-4345782943","LinkedIn","2025-12-24","2025-12-24T14:05:33.585863"
"123e685affe2","Forecasting & Data Analyst","ALDI Stores Australia","Minchinbury, New South Wales, Australia","","https://au.linkedin.com/jobs/view/forecasting-data-analyst-at-aldi-stores-australia-4339489733","LinkedIn","2025-12-24","2025-12-24T14:05:32.552273"
"399c5a7bf54c","Data Analyst","Infomedia","Sydney, New South Wales, Australia","","https://au.linkedin.com/jobs/view/data-analyst-at-infomedia-4328501248","LinkedIn","2025-12-24","2025-12-24T14:05:32.552154"
"196d94512884","Data Analyst","Green Hat","Hawthorn, Victoria, Australia","","https://au.linkedin.com/jobs/view/data-analyst-at-green-hat-4348944706","LinkedIn","2025-12-24","2025-12-24T14:05:32.552021"
"252a68b002bb","Data Engineer","Ingrity","Millers Point, New South Wales, Australia","","https://au.linkedin.com/jobs/view/data-engineer-at-ingrity-4344685542","LinkedIn","2025-12-24","2025-12-24T14:05:31.615023"
"f91a675f14b4","Data Engineer","Cloudwerx","Australia","","https://au.linkedin.com/jobs/view/data-engineer-at-cloudwerx-4344868324","LinkedIn","2025-12-24","2025-12-24T14:05:31.614899"
"34fb53e49a4e","Senior Data Engineer - Data & Analytics","KPMG Australia","Melbourne, Victoria, Australia","","https://au.linkedin.com/jobs/view/senior-data-engineer-data-analytics-at-kpmg-australia-4328506408","LinkedIn","2025-12-24","2025-12-24T14:05:31.614739"
"dff2781e6545","Graduate Software Developer: 2027","Susquehanna International Group","Sydney, New South Wales, Australia","","https://au.linkedin.com/jobs/view/graduate-software-developer-2027-at-susquehanna-international-group-4283012046","LinkedIn","2025-12-24","2025-12-24T13:56:58.060641"
"5593816d8321","Graduate Software Engineer","Fivecast","Adelaide, South Australia, Australia","","https://au.linkedin.com/jobs/view/graduate-software-engineer-at-fivecast-4326713291","LinkedIn","2025-12-24","2025-12-24T13:56:58.060541"
"618a71eb76e6","Graduate Machine Learning Engineer","Acusensus","Ingleburn, New South Wales, Australia","","https://au.linkedin.com/jobs/view/graduate-machine-learning-engineer-at-acusensus-4328097473","LinkedIn","2025-12-24","2025-12-24T13:56:58.060418"
"7394259ccc26","MCP & Tools Python Developer - Agent Evaluation Infrastructure","Mindrift","Australia","","https://au.linkedin.com/jobs/view/mcp-tools-python-developer-agent-evaluation-infrastructure-at-mindrift-4345217544","LinkedIn","2025-12-24","2025-12-24T13:56:57.132559"
"17f09183d16c","Senior Software Engineer (Python/Django)","Kraken","Melbourne, Victoria, Australia","","https://au.linkedin.com/jobs/view/senior-software-engineer-python-django-at-kraken-4344979441","LinkedIn","2025-12-24","2025-12-24T13:56:57.132445"
"1b1886ad79d9","Python Developer","BURGEON IT SERVICES","Sydney, New South Wales, Australia","","https://au.linkedin.com/jobs/view/python-developer-at-burgeon-it-services-4345961287","LinkedIn","2025-12-24","2025-12-24T13:56:57.132329"
"ecc9a011993c","Software Engineer, Google Maps","Google","Sydney, New South Wales, Australia","","https://au.linkedin.com/jobs/view/software-engineer-google-maps-at-google-4325348354","LinkedIn","2025-12-24","2025-12-24T13:56:56.351381"
"facaac85afbf","Software Engineering","Microsoft","Sydney, New South Wales, Australia","","https://au.linkedin.com/jobs/view/software-engineering-at-microsoft-4328878738","LinkedIn","2025-12-24","2025-12-24T13:56:56.351286"
"b4dface9fdd0","Software Developer","Centorrino Technologies","Melbourne, Victoria, Australia","","https://au.linkedin.com/jobs/view/software-developer-at-centorrino-technologies-4345782943","LinkedIn","2025-12-24","2025-12-24T13:56:56.351180"
"40d7b6f40f9d","Forecasting & Data Analyst","ALDI Stores Australia","Minchinbury, New South Wales, Australia","","https://au.linkedin.com/jobs/view/forecasting-data-analyst-at-aldi-stores-australia-4339489733","LinkedIn","2025-12-24","2025-12-24T13:56:55.154159"
"3503db727014","Data Analyst","Infomedia","Sydney, New South Wales, Australia","","https://au.linkedin.com/jobs/view/data-analyst-at-infomedia-4328501248","LinkedIn","2025-12-24","2025-12-24T13:56:55.154058"
"aaeb94509dd8","Data Analyst","Green Hat","Hawthorn, Victoria, Australia","","https://au.linkedin.com/jobs/view/data-analyst-at-green-hat-4348944706","LinkedIn","2025-12-24","2025-12-24T13:56:55.153951"
"49e2ca0c13f0","Data Engineer – Azure & Databricks","N2S.Global","Sydney, New South Wales, Australia","","https://au.linkedin.com/jobs/view/data-engineer-%E2%80%93-azure-databricks-at-n2s-global-4345839871","LinkedIn","2025-12-24","2025-12-24T13:56:54.174197"
"ed6f4c9af37a","Data Engineer","UCentric","Sydney, New South Wales, Australia","","https://au.linkedin.com/jobs/view/data-engineer-at-ucentric-4328676158","LinkedIn","2025-12-24","2025-12-24T13:56:54.174095"
"de7a91fc84b7","Graduate Data Center Engineer","CAI","Melbourne, Victoria, Australia","","https://au.linkedin.com/jobs/view/graduate-data-center-engineer-at-cai-4316907811","LinkedIn","2025-12-24","2025-12-24T13:56:54.174000"
"66161785dd36","Data Engineer – Azure & Databricks","N2S.Global","Melbourne, Victoria, Australia","","https://au.linkedin.com/jobs/view/data-engineer-%E2%80%93-azure-databricks-at-n2s-global-4345915248","LinkedIn","2025-12-24","2025-12-24T13:56:54.173894"
"b3f29a2bb5e6","Data Engineer","Lockton","Sydney, New South Wales, Australia","","https://au.linkedin.com/jobs/view/data-engineer-at-lockton-4344683142","LinkedIn","2025-12-24","2025-12-24T13:56:54.173783"
"d54c68230b88","Data Engineer","Cuscal Limited","Sydney, New South Wales, Australia","","https://au.linkedin.com/jobs/view/data-engineer-at-cuscal-limited-4345616005","LinkedIn","2025-12-24","2025-12-24T13:56:54.173689"
"eee7b5cba13d","Junior Data Engineer - 12 Month FTC","Thales","Millers Point, New South Wales, Australia","","https://au.linkedin.com/jobs/view/junior-data-engineer-12-month-ftc-at-thales-4344584311","LinkedIn","2025-12-24","2025-12-24T13:56:54.173594"
"d09bf705d155","Data Engineer","Ingrity","Millers Point, New South Wales, Australia","","https://au.linkedin.com/jobs/view/data-engineer-at-ingrity-4344685542","LinkedIn","2025-12-24","2025-12-24T13:56:54.173482"
"8ae8e06667b5","Data Engineer","Cloudwerx","Australia","","https://au.linkedin.com/jobs/view/data-engineer-at-cloudwerx-4344868324","LinkedIn","2025-12-24","2025-12-24T13:56:54.173379"
"5dbb901d343d","Senior Data Engineer - Data & Analytics","KPMG Australia","Melbourne, Victoria, Australia","","https://au.linkedin.com/jobs/view/senior-data-engineer-data-analytics-at-kpmg-australia-4328506408","LinkedIn","2025-12-24","2025-12-24T13:56:54.173256"
"235e9f2c0f32","Graduate Software Developer: 2027","Susquehanna International Group","Sydney, New South Wales, Australia","","https://au.linkedin.com/jobs/view/graduate-software-developer-2027-at-susquehanna-international-group-4283012046","LinkedIn","2025-12-24","2025-12-24T13:50:21.874443"
"21a22fd1468a","Graduate Software Engineer","Fivecast","Adelaide, South Australia, Australia","","https://au.linkedin.com/jobs/view/graduate-software-engineer-at-fivecast-4326713291","LinkedIn","2025-12-24","2025-12-24T13:50:21.874327"
"13da5eb064d9","Graduate Machine Learning Engineer","Acusensus","Ingleburn, New South Wales, Australia","","https://au.linkedin.com/jobs/view/graduate-machine-learning-engineer-at-acusensus-4328097473","LinkedIn","2025-12-24","2025-12-24T13:50:21.874194"
"a5ab2c8d5dc7","MCP & Tools Python Developer - Agent Evaluation Infrastructure","Mindrift","Australia","","https://au.linkedin.com/jobs/view/mcp-tools-python-developer-agent-evaluation-infrastructure-at-mindrift-4345217544","LinkedIn","2025-12-24","2025-12-24T13:50:21.146931"
"bd5051056fc4","Senior Software Engineer (Python/Django)","Kraken","Melbourne, Victoria, Australia","","https://au.linkedin.com/jobs/view/senior-software-engineer-python-django-at-kraken-4344979441","LinkedIn","2025-12-24","2025-12-24T13:50:21.146813"
"65b479a783ee","Python Developer","BURGEON IT SERVICES","Sydney, New South Wales, Australia","","https://au.linkedin.com/jobs/view/python-developer-at-burgeon-it-services-4345961287","LinkedIn","2025-12-24","2025-12-24T13:50:21.146684"
"d077eabab5a3","Software Engineer, Google Maps","Google","Sydney, New South Wales, Australia","","https://au.linkedin.com/jobs/view/software-engineer-google-maps-at-google-4325348354","LinkedIn","2025-12-24","2025-12-24T13:50:20.247363"
"a578ce356826","Software Engineering","Microsoft","Sydney, New South Wales, Australia","","https://au.linkedin.com/jobs/view/software-engineering-at-microsoft-4328878738","LinkedIn","2025-12-24","2025-12-24T13:50:20.247252"
"bae23c822e94","Software Developer","Centorrino Technologies","Melbourne, Victoria, Australia","","https://au.linkedin.com/jobs/view/software-developer-at-centorrino-technologies-4345782943","LinkedIn","2025-12-24","2025-12-24T13:50:20.247126"
"1a05b3bd98ac","Forecasting & Data Analyst","ALDI Stores Australia","Minchinbury, New South Wales, Australia","","https://au.linkedin.com/jobs/view/forecasting-data-analyst-at-aldi-stores-australia-4339489733","LinkedIn","2025-12-24","2025-12-24T13:50:19.105451"
"3b80747eb6cc","Data Analyst","Infomedia","Sydney, New South Wales, Australia","","https://au.linkedin.com/jobs/view/data-analyst-at-infomedia-4328501248","LinkedIn","2025-12-24","2025-12-24T13:50:19.105339"
"b310445127eb","Data Analyst","Green Hat","Hawthorn, Victoria, Australia","","https://au.linkedin.com/jobs/view/data-analyst-at-green-hat-4348944706","LinkedIn","2025-12-24","2025-12-24T13:50:19.105205"
"b97bb9f9dce3","Data Engineer","Ingrity","Millers Point, New South Wales, Australia","","https://au.linkedin.com/jobs/view/data-engineer-at-ingrity-4344685542","LinkedIn","2025-12-24","2025-12-24T13:50:17.975570"
"b1e888490e3e","Data Engineer","Cloudwerx","Australia","","https://au.linkedin.com/jobs/view/data-engineer-at-cloudwerx-4344868324","LinkedIn","2025-12-24","2025-12-24T13:50:17.975446"
"f517c7b14806","Senior Data Engineer - Data & Analytics","KPMG Australia","Melbourne, Victoria, Australia","","https://au.linkedin.com/jobs/view/senior-data-engineer-data-analytics-at-kpmg-australia-4328506408","LinkedIn","2025-12-24","2025-12-24T13:50:17.975300"
"3238fa6440f7","Graduate Software Developer: 2027","Susquehanna International Group","Sydney, New South Wales, Australia","","https://au.linkedin.com/jobs/view/graduate-software-developer-2027-at-susquehanna-international-group-4283012046","LinkedIn","2025-12-24","2025-12-24T13:39:38.872312"
"3d0af0002373","Graduate Software Engineer","Fivecast","Adelaide, South Australia, Australia","","https://au.linkedin.com/jobs/view/graduate-software-engineer-at-fivecast-4326713291","LinkedIn","2025-12-24","2025-12-24T13:39:38.872184"
"c6feb4c51441","Graduate Machine Learning Engineer","Acusensus","Ingleburn, New South Wales, Australia","","https://au.linkedin.com/jobs/view/graduate-machine-learning-engineer-at-acusensus-4328097473","LinkedIn","2025-12-24","2025-12-24T13:39:38.872058"
"2d2dcd9d10d5","MCP & Tools Python Developer - Agent Evaluation Infrastructure","Mindrift","Australia","","https://au.linkedin.com/jobs/view/mcp-tools-python-developer-agent-evaluation-infrastructure-at-mindrift-4345217544","LinkedIn","2025-12-24","2025-12-24T13:39:38.110738"
"6546c543a694","Senior Software Engineer (Python/Django)","Kraken","Melbourne, Victoria, Australia","","https://au.linkedin.com/jobs/view/senior-software-engineer-python-django-at-kraken-4344979441","LinkedIn","2025-12-24","2025-12-24T13:39:38.110618"
"22e66e6d2bc8","Python Developer","BURGEON IT SERVICES","Sydney, New South Wales, Australia","","https://au.linkedin.com/jobs/view/python-developer-at-burgeon-it-services-4345961287","LinkedIn","2025-12-24","2025-12-24T13:39:38.110486"
"8147ea7cad70","Software Engineer, Google Maps","Google","Sydney, New South Wales, Australia","","https://au.linkedin.com/jobs/view/software-engineer-google-maps-at-google-4325348354","LinkedIn","2025-12-24","2025-12-24T13:39:37.326115"
"55892b7f873f","Software Engineering","Microsoft","Sydney, New South Wales, Australia","","https://au.linkedin.com/jobs/view/software-engineering-at-microsoft-4328878738","LinkedIn","2025-12-24","2025-12-24T13:39:37.326002"
"3f569b44339e","Software Developer","Centorrino Technologies","Melbourne, Victoria, Australia","","https://au.linkedin.com/jobs/view/software-developer-at-centorrino-technologies-4345782943","LinkedIn","2025-12-24","2025-12-24T13:39:37.325872"
"ffb7167c0d33","Forecasting & Data Analyst","ALDI Stores Australia","Minchinbury, New South Wales, Australia","","https://au.linkedin.com/jobs/view/forecasting-data-analyst-at-aldi-stores-australia-4339489733","LinkedIn","2025-12-24","2025-12-24T13:39:36.349934"
"e1dc3e8641c2","Data Analyst","Infomedia","Sydney, New South Wales, Australia","","https://au.linkedin.com/jobs/view/data-analyst-at-infomedia-4328501248","LinkedIn","2025-12-24","2025-12-24T13:39:36.349792"
"b95320ce59e1","Data Analyst","Green Hat","Hawthorn, Victoria, Australia","","https://au.linkedin.com/jobs/view/data-analyst-at-green-hat-4348944706","LinkedIn","2025-12-24","2025-12-24T13:39:36.349661"
"ed07bee69636","Data Engineer","Ingrity","Millers Point, New South Wales, Australia","","https://au.linkedin.com/jobs/view/data-engineer-at-ingrity-4344685542","LinkedIn","2025-12-24","2025-12-24T13:39:35.406863"
"6ebd8c7c54bb","Data Engineer","Cloudwerx","Australia","","https://au.linkedin.com/jobs/view/data-engineer-at-cloudwerx-4344868324","LinkedIn","2025-12-24","2025-12-24T13:39:35.406718"
"a536f1f66cc5","Senior Data Engineer - Data & Analytics","KPMG Australia","Melbourne, Victoria, Australia","","https://au.linkedin.com/jobs/view/senior-data-engineer-data-analytics-at-kpmg-australia-4328506408","LinkedIn","2025-12-24","2025-12-24T13:39:35.406579"
"1aa3c7c81341","Graduate Software Developer: 2027","Susquehanna International Group","Sydney, New South Wales, Australia","","https://au.linkedin.com/jobs/view/graduate-software-developer-2027-at-susquehanna-international-group-4283012046","LinkedIn","2025-12-24","2025-12-24T13:24:37.938321"
"7cb5424de70a","Graduate Software Engineer","Fivecast","Adelaide, South Australia, Australia","","https://au.linkedin.com/jobs/view/graduate-software-engineer-at-fivecast-4326713291","LinkedIn","2025-12-24","2025-12-24T13:24:37.938208"
"6a0d35f98363","Graduate Machine Learning Engineer","Acusensus","Ingleburn, New South Wales, Australia","","https://au.linkedin.com/jobs/view/graduate-machine-learning-engineer-at-acusensus-4328097473","LinkedIn","2025-12-24","2025-12-24T13:24:37.938083"
"bf573f8991ed","MCP & Tools Python Developer - Agent Evaluation Infrastructure","Mindrift","Australia","","https://au.linkedin.com/jobs/view/mcp-tools-python-developer-agent-evaluation-infrastructure-at-mindrift-4345217544","LinkedIn","2025-12-24","2025-12-24T13:24:37.171987"
"d9e5d7fa1908","Senior Software Engineer (Python/Django)","Kraken","Melbourne, Victoria, Australia","","https://au.linkedin.com/jobs/view/senior-software-engineer-python-django-at-kraken-4344979441","LinkedIn","2025-12-24","2025-12-24T13:24:37.171873"
"3720b70153b1","Python Developer","BURGEON IT SERVICES","Sydney, New South Wales, Australia","","https://au.linkedin.com/jobs/view/python-developer-at-burgeon-it-services-4345961287","LinkedIn","2025-12-24","2025-12-24T13:24:37.171744"
"0e44b0caca61","Software Engineer, Google Maps","Google","Sydney, New South Wales, Australia","","https://au.linkedin.com/jobs/view/software-engineer-google-maps-at-google-4325348354","LinkedIn","2025-12-24","2025-12-24T13:24:36.122105"
"ce81ca04b298","Software Engineering","Microsoft","Sydney, New South Wales, Australia","","https://au.linkedin.com/jobs/view/software-engineering-at-microsoft-4328878738","LinkedIn","2025-12-24","2025-12-24T13:24:36.121999"
"d023c3d23198","Software Developer","Centorrino Technologies","Melbourne, Victoria, Australia","","https://au.linkedin.com/jobs/view/software-developer-at-centorrino-technologies-4345782943","LinkedIn","2025-12-24","2025-12-24T13:24:36.121882"
"3092c7532258","Forecasting & Data Analyst","ALDI Stores Australia","Minchinbury, New South Wales, Australia","","https://au.linkedin.com/jobs/view/forecasting-data-analyst-at-aldi-stores-australia-4339489733","LinkedIn","2025-12-24","2025-12-24T13:24:35.257060"
"13a54011f07b","Data Analyst","Infomedia","Sydney, New South Wales, Australia","","https://au.linkedin.com/jobs/view/data-analyst-at-infomedia-4328501248","LinkedIn","2025-12-24","2025-12-24T13:24:35.256946"
"ba45bff76398","Data Analyst","Green Hat","Hawthorn, Victoria, Australia","","https://au.linkedin.com/jobs/view/data-analyst-at-green-hat-4348944706","LinkedIn","2025-12-24","2025-12-24T13:24:35.256820"
"4d92fd72cdbd","Data Engineer – Azure & Databricks","N2S.Global","Sydney, New South Wales, Australia","","https://au.linkedin.com/jobs/view/data-engineer-%E2%80%93-azure-databricks-at-n2s-global-4345839871","LinkedIn","2025-12-24","2025-12-24T13:24:34.329570"
"52224aee911d","Data Engineer","UCentric","Sydney, New South Wales, Australia","","https://au.linkedin.com/jobs/view/data-engineer-at-ucentric-4328676158","LinkedIn","2025-12-24","2025-12-24T13:24:34.329430"
"10d328af2a1d","Graduate Data Center Engineer","CAI","Melbourne, Victoria, Australia","","https://au.linkedin.com/jobs/view/graduate-data-center-engineer-at-cai-4316907811","LinkedIn","2025-12-24","2025-12-24T13:24:34.329317"
"42467997e868","Data Engineer – Azure & Databricks","N2S.Global","Melbourne, Victoria, Australia","","https://au.linkedin.com/jobs/view/data-engineer-%E2%80%93-azure-databricks-at-n2s-global-4345915248","LinkedIn","2025-12-24","2025-12-24T13:24:34.329200"
"59f307553b80","Data Engineer","Lockton","Sydney, New South Wales, Australia","","https://au.linkedin.com/jobs/view/data-engineer-at-lockton-4344683142","LinkedIn","2025-12-24","2025-12-24T13:24:34.329082"
"41c15edc8809","Data Engineer","Cuscal Limited","Sydney, New South Wales, Australia","","https://au.linkedin.com/jobs/view/data-engineer-at-cuscal-limited-4345616005","LinkedIn","2025-12-24","2025-12-24T13:24:34.328978"
"f3a220683e87","Junior Data Engineer - 12 Month FTC","Thales","Millers Point, New South Wales, Australia","","https://au.linkedin.com/jobs/view/junior-data-engineer-12-month-ftc-at-thales-4344584311","LinkedIn","2025-12-24","2025-12-24T13:24:34.328872"
"6dba721a699f","Data Engineer","Ingrity","Millers Point, New South Wales, Australia","","https://au.linkedin.com/jobs/view/data-engineer-at-ingrity-4344685542","LinkedIn","2025-12-24","2025-12-24T13:24:34.328761"
"29fba3e0e1c0","Data Engineer","Cloudwerx","Australia","","https://au.linkedin.com/jobs/view/data-engineer-at-cloudwerx-4344868324","LinkedIn","2025-12-24","2025-12-24T13:24:34.328640"
"f0d711a6dfdb","Senior Data Engineer - Data & Analytics","KPMG Australia","Melbourne, Victoria, Australia","","https://au.linkedin.com/jobs/view/senior-data-engineer-data-analytics-at-kpmg-australia-4328506408","LinkedIn","2025-12-24","2025-12-24T13:24:34.328499"
"e9dbcee65469","Application Engineer Graduate","Johnson Controls","Scoresby, Victoria, Australia","","https://au.linkedin.com/jobs/view/application-engineer-graduate-at-johnson-controls-4348237449","LinkedIn","2025-12-24","2025-12-24T13:10:08.007564"
"a8e34397fec9","UI UX Graduate","Wobitech","Melbourne, Victoria, Australia","","https://au.linkedin.com/jobs/view/ui-ux-graduate-at-wobitech-4328938204","LinkedIn","2025-12-24","2025-12-24T13:10:08.007453"
"576ef33d6de9","Graduate Engineer","SAGE Automation","Darwin, Northern Territory, Australia","","https://au.linkedin.com/jobs/view/graduate-engineer-at-sage-automation-4344734409","LinkedIn","2025-12-24","2025-12-24T13:10:08.007343"
"fd06423eda72","Project Management Intern","Siemens","Sydney, New South Wales, Australia","","https://au.linkedin.com/jobs/view/project-management-intern-at-siemens-4344532571","LinkedIn","2025-12-24","2025-12-24T13:10:08.007233"
"5bfa4a069cdd","Engineering Intern","Siemens","Sydney, New South Wales, Australia","","https://au.linkedin.com/jobs/view/engineering-intern-at-siemens-4344355319","LinkedIn","2025-12-24","2025-12-24T13:10:08.007109"
"f49059cb2848","Software Development Internship: November 2026","Susquehanna International Group","Sydney, New South Wales, Australia","","https://au.linkedin.com/jobs/view/software-development-internship-november-2026-at-susquehanna-international-group-4283011269","LinkedIn","2025-12-24","2025-12-24T13:10:08.006998"
"e4cf5434bcf1","Graduate Software Developer: 2027","Susquehanna International Group","Sydney, New South Wales, Australia","","https://au.linkedin.com/jobs/view/graduate-software-developer-2027-at-susquehanna-international-group-4283012046","LinkedIn","2025-12-24","2025-12-24T13:10:08.006779"
"6dcccff7c7b9","Graduate Software Engineer","Fivecast","Adelaide, South Australia, Australia","","https://au.linkedin.com/jobs/view/graduate-software-engineer-at-fivecast-4326713291","LinkedIn","2025-12-24","2025-12-24T13:10:08.006634"
"ffbdeca9316e","Graduate Machine Learning Engineer","Acusensus","Ingleburn, New South Wales, Australia","","https://au.linkedin.com/jobs/view/graduate-machine-learning-engineer-at-acusensus-4328097473","LinkedIn","2025-12-24","2025-12-24T13:10:08.006506"
"8af43d3b2c34","MCP & Tools Python Developer - Agent Evaluation Infrastructure","Mindrift","Australia","","https://au.linkedin.com/jobs/view/mcp-tools-python-developer-agent-evaluation-infrastructure-at-mindrift-4345217544","LinkedIn","2025-12-24","2025-12-24T13:10:07.193245"
"218868389857","Senior Software Engineer (Python/Django)","Kraken","Melbourne, Victoria, Australia","","https://au.linkedin.com/jobs/view/senior-software-engineer-python-django-at-kraken-4344979441","LinkedIn","2025-12-24","2025-12-24T13:10:07.193129"
"b7d496d9e09d","Python Developer","BURGEON IT SERVICES","Sydney, New South Wales, Australia","","https://au.linkedin.com/jobs/view/python-developer-at-burgeon-it-services-4345961287","LinkedIn","2025-12-24","2025-12-24T13:10:07.192998"
"1a376c3eacf7","Software Engineer, Google Maps","Google","Sydney, New South Wales, Australia","","https://au.linkedin.com/jobs/view/software-engineer-google-maps-at-google-4325348354","LinkedIn","2025-12-24","2025-12-24T13:10:06.449295"
"d0b6e178b79a","Software Engineering","Microsoft","Sydney, New South Wales, Australia","","https://au.linkedin.com/jobs/view/software-engineering-at-microsoft-4328878738","LinkedIn","2025-12-24","2025-12-24T13:10:06.449177"
"219f99c728c7","Software Developer","Centorrino Technologies","Melbourne, Victoria, Australia","","https://au.linkedin.com/jobs/view/software-developer-at-centorrino-technologies-4345782943","LinkedIn","2025-12-24","2025-12-24T13:10:06.449052"
"81156f4f862f","Forecasting & Data Analyst","ALDI Stores Australia","Minchinbury, New South Wales, Australia","","https://au.linkedin.com/jobs/view/forecasting-data-analyst-at-aldi-stores-australia-4339489733","LinkedIn","2025-12-24","2025-12-24T13:10:05.672781"
"ae17deb6cba3","Data Analyst","Infomedia","Sydney, New South Wales, Australia","","https://au.linkedin.com/jobs/view/data-analyst-at-infomedia-4328501248","LinkedIn","2025-12-24","2025-12-24T13:10:05.672631"
"cbd59579e056","Data Analyst","Green Hat","Hawthorn, Victoria, Australia","","https://au.linkedin.com/jobs/view/data-analyst-at-green-hat-4348944706","LinkedIn","2025-12-24","2025-12-24T13:10:05.672503"
"58564430d121","Data Engineer","Ingrity","Millers Point, New South Wales, Australia","","https://au.linkedin.com/jobs/view/data-engineer-at-ingrity-4344685542","LinkedIn","2025-12-24","2025-12-24T13:10:04.807079"
"37f8f5ecbed5","Data Engineer","Cloudwerx","Australia","","https://au.linkedin.com/jobs/view/data-engineer-at-cloudwerx-4344868324","LinkedIn","2025-12-24","2025-12-24T13:10:04.806960"
"94b2d7599d77","Senior Data Engineer - Data & Analytics","KPMG Australia","Melbourne, Victoria, Australia","","https://au.linkedin.com/jobs/view/senior-data-engineer-data-analytics-at-kpmg-australia-4328506408","LinkedIn","2025-12-24","2025-12-24T13:10:04.806818"
"6e1ad7e79a51","Graduate Software Developer: 2027","Susquehanna International Group","Sydney, New South Wales, Australia","","https://au.linkedin.com/jobs/view/graduate-software-developer-2027-at-susquehanna-international-group-4283012046","LinkedIn","2025-12-24","2025-12-24T12:53:23.599732"
"62bfcdcf814b","Graduate Software Engineer","Fivecast","Adelaide, South Australia, Australia","","https://au.linkedin.com/jobs/view/graduate-software-engineer-at-fivecast-4326713291","LinkedIn","2025-12-24","2025-12-24T12:53:23.599634"
"518a37ceac3f","Graduate Machine Learning Engineer","Acusensus","Ingleburn, New South Wales, Australia","","https://au.linkedin.com/jobs/view/graduate-machine-learning-engineer-at-acusensus-4328097473","LinkedIn","2025-12-24","2025-12-24T12:53:23.599519"
"ed6c643a8019","MCP & Tools Python Developer - Agent Evaluation Infrastructure","Mindrift","Australia","","https://au.linkedin.com/jobs/view/mcp-tools-python-developer-agent-evaluation-infrastructure-at-mindrift-4345217544","LinkedIn","2025-12-24","2025-12-24T12:53:22.850793"
"fba6cecad5ea","Senior Software Engineer (Python/Django)","Kraken","Melbourne, Victoria, Australia","","https://au.linkedin.com/jobs/view/senior-software-engineer-python-django-at-kraken-4344979441","LinkedIn","2025-12-24","2025-12-24T12:53:22.850688"
"9a6968b6315f","Python Developer","BURGEON IT SERVICES","Sydney, New South Wales, Australia","","https://au.linkedin.com/jobs/view/python-developer-at-burgeon-it-services-4345961287","LinkedIn","2025-12-24","2025-12-24T12:53:22.850563"
"dbc1d2a41ce7","Junior Software Engineer","Synergy (Electricity Generation and Retail Corporation)","Perth, Western Australia, Australia","","https://au.linkedin.com/jobs/view/junior-software-engineer-at-synergy-electricity-generation-and-retail-corporation-4350105415","LinkedIn","2025-12-24","2025-12-24T12:53:22.066082"
"b91223e96ba3","Front-End Developer","DataAnnotation","Australia","","https://au.linkedin.com/jobs/view/front-end-developer-at-dataannotation-4304436350","LinkedIn","2025-12-24","2025-12-24T12:53:22.065988"
"8bbb3c2c7acb","Manager - Software Engineer","KPMG Australia","Sydney, New South Wales, Australia","","https://au.linkedin.com/jobs/view/manager-software-engineer-at-kpmg-australia-4328625605","LinkedIn","2025-12-24","2025-12-24T12:53:22.065896"
"1819c4c1c45b","Software Engineer","TheDriveGroup","Sydney, New South Wales, Australia","","https://au.linkedin.com/jobs/view/software-engineer-at-thedrivegroup-4328046657","LinkedIn","2025-12-24","2025-12-24T12:53:22.065803"
"dcdd49a49172","Software Engineer","Microsoft","Australia","","https://au.linkedin.com/jobs/view/software-engineer-at-microsoft-4341055648","LinkedIn","2025-12-24","2025-12-24T12:53:22.065707"
"f661b8d73134","Junior Full Stack Engineer","Sitemate","Melbourne, Victoria, Australia","","https://au.linkedin.com/jobs/view/junior-full-stack-engineer-at-sitemate-4339852782","LinkedIn","2025-12-24","2025-12-24T12:53:22.065609"
"54db11ff1134","Junior Software Engineer","Bayer","Rydalmere, New South Wales, Australia","","https://au.linkedin.com/jobs/view/junior-software-engineer-at-bayer-4344683940","LinkedIn","2025-12-24","2025-12-24T12:53:22.065499"
"1a4ba4694c39","Software Engineering","Microsoft","Sydney, New South Wales, Australia","","https://au.linkedin.com/jobs/view/software-engineering-at-microsoft-4328878738","LinkedIn","2025-12-24","2025-12-24T12:53:22.065405"
"d259bc37c6aa","Software Engineer, Google Maps","Google","Sydney, New South Wales, Australia","","https://au.linkedin.com/jobs/view/software-engineer-google-maps-at-google-4325348354","LinkedIn","2025-12-24","2025-12-24T12:53:22.065306"
"bebaf5d817c2","Software Developer","Centorrino Technologies","Melbourne, Victoria, Australia","","https://au.linkedin.com/jobs/view/software-developer-at-centorrino-technologies-4345782943","LinkedIn","2025-12-24","2025-12-24T12:53:22.065193"
"fa5cd26cc24b","Forecasting & Data Analyst","ALDI Stores Australia","Minchinbury, New South Wales, Australia","","https://au.linkedin.com/jobs/view/forecasting-data-analyst-at-aldi-stores-australia-4339489733","LinkedIn","2025-12-24","2025-12-24T12:53:21.050061"
"3314f06db2e2","Data Analyst","Infomedia","Sydney, New South Wales, Australia","","https://au.linkedin.com/jobs/view/data-analyst-at-infomedia-4328501248","LinkedIn","2025-12-24","2025-12-24T12:53:21.049963"
"20c1ed36fbc1","Data Analyst","Green Hat","Hawthorn, Victoria, Australia","","https://au.linkedin.com/jobs/view/data-analyst-at-green-hat-4348944706","LinkedIn","2025-12-24","2025-12-24T12:53:21.049856"
"d76ba30a681e","Data Engineer – Azure & Databricks","N2S.Global","Sydney, New South Wales, Australia","","https://au.linkedin.com/jobs/view/data-engineer-%E2%80%93-azure-databricks-at-n2s-global-4345839871","LinkedIn","2025-12-24","2025-12-24T12:53:20.062205"
"6d4535b01272","Data Engineer","UCentric","Sydney, New South Wales, Australia","","https://au.linkedin.com/jobs/view/data-engineer-at-ucentric-4328676158","LinkedIn","2025-12-24","2025-12-24T12:53:20.062105"
"9727e7b3ffef","Graduate Data Center Engineer","CAI","Melbourne, Victoria, Australia","","https://au.linkedin.com/jobs/view/graduate-data-center-engineer-at-cai-4316907811","LinkedIn","2025-12-24","2025-12-24T12:53:20.062008"
"4023fb463b74","Data Engineer – Azure & Databricks","N2S.Global","Melbourne, Victoria, Australia","","https://au.linkedin.com/jobs/view/data-engineer-%E2%80%93-azure-databricks-at-n2s-global-4345915248","LinkedIn","2025-12-24","2025-12-24T12:53:20.061889"
"e26d81215114","Data Engineer","Lockton","Sydney, New South Wales, Australia","","https://au.linkedin.com/jobs/view/data-engineer-at-lockton-4344683142","LinkedIn","2025-12-24","2025-12-24T12:53:20.061779"
"944b4b8f1619","Data Engineer","Cuscal Limited","Sydney, New South Wales, Australia","","https://au.linkedin.com/jobs/view/data-engineer-at-cuscal-limited-4345616005","LinkedIn","2025-12-24","2025-12-24T12:53:20.061683"
"ea691ae8d1e5","Junior Data Engineer - 12 Month FTC","Thales","Millers Point, New South Wales, Australia","","https://au.linkedin.com/jobs/view/junior-data-engineer-12-month-ftc-at-thales-4344584311","LinkedIn","2025-12-24","2025-12-24T12:53:20.061575"
"9cdae472c03d","Data Engineer","Ingrity","Millers Point, New South Wales, Australia","","https://au.linkedin.com/jobs/view/data-engineer-at-ingrity-4344685542","LinkedIn","2025-12-24","2025-12-24T12:53:20.061473"
"0c38663905fe","Data Engineer","Cloudwerx","Australia","","https://au.linkedin.com/jobs/view/data-engineer-at-cloudwerx-4344868324","LinkedIn","2025-12-24","2025-12-24T12:53:20.061369"
"b0b95d32c010","Senior Data Engineer - Data & Analytics","KPMG Australia","Melbourne, Victoria, Australia","","https://au.linkedin.com/jobs/view/senior-data-engineer-data-analytics-at-kpmg-australia-4328506408","LinkedIn","2025-12-24","2025-12-24T12:53:20.061240"
"80a453cd90ff","Graduate Software Developer: 2027","Susquehanna International Group","Sydney, New South Wales, Australia","","https://au.linkedin.com/jobs/view/graduate-software-developer-2027-at-susquehanna-international-group-4283012046","LinkedIn","2025-12-24","2025-12-24T12:31:51.919399"
"5f8ce76ee71f","Graduate Software Engineer","Fivecast","Adelaide, South Australia, Australia","","https://au.linkedin.com/jobs/view/graduate-software-engineer-at-fivecast-4326713291","LinkedIn","2025-12-24","2025-12-24T12:31:51.919266"
"ab2effa282a7","Graduate Machine Learning Engineer","Acusensus","Ingleburn, New South Wales, Australia","","https://au.linkedin.com/jobs/view/graduate-machine-learning-engineer-at-acusensus-4328097473","LinkedIn","2025-12-24","2025-12-24T12:31:51.919141"
"61b154fcfb7d","MCP & Tools Python Developer - Agent Evaluation Infrastructure","Mindrift","Australia","","https://au.linkedin.com/jobs/view/mcp-tools-python-developer-agent-evaluation-infrastructure-at-mindrift-4345217544","LinkedIn","2025-12-24","2025-12-24T12:31:50.893763"
"6e2330ff9cd9","Senior Software Engineer (Python/Django)","Kraken","Melbourne, Victoria, Australia","","https://au.linkedin.com/jobs/view/senior-software-engineer-python-django-at-kraken-4344979441","LinkedIn","2025-12-24","2025-12-24T12:31:50.893647"
"128eac34fb21","Python Developer","BURGEON IT SERVICES","Sydney, New South Wales, Australia","","https://au.linkedin.com/jobs/view/python-developer-at-burgeon-it-services-4345961287","LinkedIn","2025-12-24","2025-12-24T12:31:50.893520"
"b767724988da","Software Engineering","Microsoft","Sydney, New South Wales, Australia","","https://au.linkedin.com/jobs/view/software-engineering-at-microsoft-4328878738","LinkedIn","2025-12-24","2025-12-24T12:31:50.097950"
"9fba0fd21cc2","Software Engineer, Google Maps","Google","Sydney, New South Wales, Australia","","https://au.linkedin.com/jobs/view/software-engineer-google-maps-at-google-4325348354","LinkedIn","2025-12-24","2025-12-24T12:31:50.097840"
"e960c2f4833a","Software Developer","Centorrino Technologies","Melbourne, Victoria, Australia","","https://au.linkedin.com/jobs/view/software-developer-at-centorrino-technologies-4345782943","LinkedIn","2025-12-24","2025-12-24T12:31:50.097710"
"ee37453da41e","Forecasting & Data Analyst","ALDI Stores Australia","Minchinbury, New South Wales, Australia","","https://au.linkedin.com/jobs/view/forecasting-data-analyst-at-aldi-stores-australia-4339489733","LinkedIn","2025-12-24","2025-12-24T12:31:49.119807"
"d337403a3496","Data Analyst","Infomedia","Sydney, New South Wales, Australia","","https://au.linkedin.com/jobs/view/data-analyst-at-infomedia-4328501248","LinkedIn","2025-12-24","2025-12-24T12:31:49.119689"
"c28b44fc8dce","Data Analyst","Green Hat","Hawthorn, Victoria, Australia","","https://au.linkedin.com/jobs/view/data-analyst-at-green-hat-4348944706","LinkedIn","2025-12-24","2025-12-24T12:31:49.119564"
"d47816a6d4cf","Data Engineer","Ingrity","Millers Point, New South Wales, Australia","","https://au.linkedin.com/jobs/view/data-engineer-at-ingrity-4344685542","LinkedIn","2025-12-24","2025-12-24T12:31:48.203777"
"38e53a736ee9","Data Engineer","Cloudwerx","Australia","","https://au.linkedin.com/jobs/view/data-engineer-at-cloudwerx-4344868324","LinkedIn","2025-12-24","2025-12-24T12:31:48.203664"
"e2a2d8068746","Senior Data Engineer - Data & Analytics","KPMG Australia","Melbourne, Victoria, Australia","","https://au.linkedin.com/jobs/view/senior-data-engineer-data-analytics-at-kpmg-australia-4328506408","LinkedIn","2025-12-24","2025-12-24T12:31:48.203521"
"ec72cdf4ef28","Graduate Software Engineer","Fivecast","Adelaide, South Australia, Australia","","https://au.linkedin.com/jobs/view/graduate-software-engineer-at-fivecast-4326713291","LinkedIn","2025-12-24","2025-12-24T12:21:04.699290"
"29ef4a9b4769","Graduate Machine Learning Engineer","Acusensus","Ingleburn, New South Wales, Australia","","https://au.linkedin.com/jobs/view/graduate-machine-learning-engineer-at-acusensus-4328097473","LinkedIn","2025-12-24","2025-12-24T12:21:04.699167"
"dc0d31284524","Graduate Software Developer","Capgemini","Melbourne, Victoria, Australia","","https://au.linkedin.com/jobs/view/graduate-software-developer-at-capgemini-4345410486","LinkedIn","2025-12-24","2025-12-24T12:21:04.699012"
"e118d1a0bd29","MCP & Tools Python Developer - Agent Evaluation Infrastructure","Mindrift","Australia","","https://au.linkedin.com/jobs/view/mcp-tools-python-developer-agent-evaluation-infrastructure-at-mindrift-4345217544","LinkedIn","2025-12-24","2025-12-24T12:21:03.975687"
"e11b66f45da1","Senior Software Engineer (Python/Django)","Kraken","Melbourne, Victoria, Australia","","https://au.linkedin.com/jobs/view/senior-software-engineer-python-django-at-kraken-4344979441","LinkedIn","2025-12-24","2025-12-24T12:21:03.975557"
"a4cf5ba1fcc9","Python Developer","BURGEON IT SERVICES","Sydney, New South Wales, Australia","","https://au.linkedin.com/jobs/view/python-developer-at-burgeon-it-services-4345961287","LinkedIn","2025-12-24","2025-12-24T12:21:03.975423"
"dd40f5556b2f","Software Engineering","Microsoft","Sydney, New South Wales, Australia","","https://au.linkedin.com/jobs/view/software-engineering-at-microsoft-4328878738","LinkedIn","2025-12-24","2025-12-24T12:21:03.138028"
"e43a57b44f33","Software Engineer, Google Maps","Google","Sydney, New South Wales, Australia","","https://au.linkedin.com/jobs/view/software-engineer-google-maps-at-google-4325348354","LinkedIn","2025-12-24","2025-12-24T12:21:03.137915"
"ada5233afa82","Software Developer","Centorrino Technologies","Melbourne, Victoria, Australia","","https://au.linkedin.com/jobs/view/software-developer-at-centorrino-technologies-4345782943","LinkedIn","2025-12-24","2025-12-24T12:21:03.137788"
"43561b12b0b8","Forecasting & Data Analyst","ALDI Stores Australia","Minchinbury, New South Wales, Australia","","https://au.linkedin.com/jobs/view/forecasting-data-analyst-at-aldi-stores-australia-4339489733","LinkedIn","2025-12-24","2025-12-24T12:21:02.321342"
"a62a4cf7aa25","Data Analyst","Infomedia","Sydney, New South Wales, Australia","","https://au.linkedin.com/jobs/view/data-analyst-at-infomedia-4328501248","LinkedIn","2025-12-24","2025-12-24T12:21:02.321218"
"98c88154b00d","Data Analyst","Green Hat","Hawthorn, Victoria, Australia","","https://au.linkedin.com/jobs/view/data-analyst-at-green-hat-4348944706","LinkedIn","2025-12-24","2025-12-24T12:21:02.321064"
"d484769a3286","Data Engineer","Ingrity","Millers Point, New South Wales, Australia","","https://au.linkedin.com/jobs/view/data-engineer-at-ingrity-4344685542","LinkedIn","2025-12-24","2025-12-24T12:21:01.341766"
"443a8cea3d12","Data Engineer","Cloudwerx","Australia","","https://au.linkedin.com/jobs/view/data-engineer-at-cloudwerx-4344868324","LinkedIn","2025-12-24","2025-12-24T12:21:01.341635"
"3f0161f64eaf","Senior Data Engineer - Data & Analytics","KPMG Australia","Melbourne, Victoria, Australia","","https://au.linkedin.com/jobs/view/senior-data-engineer-data-analytics-at-kpmg-australia-4328506408","LinkedIn","2025-12-24","2025-12-24T12:21:01.341472"
"1b1a126e94b7","Graduate Software Engineer","Fivecast","Adelaide, South Australia, Australia","","https://au.linkedin.com/jobs/view/graduate-software-engineer-at-fivecast-4326713291","LinkedIn","2025-12-24","2025-12-24T23:19:43.840311"
"4c0f5f210512","Graduate Machine Learning Engineer","Acusensus","Ingleburn, New South Wales, Australia","","https://au.linkedin.com/jobs/view/graduate-machine-learning-engineer-at-acusensus-4328097473","LinkedIn","2025-12-24","2025-12-24T23:19:43.840221"
"01b8406d628f","Graduate Software Developer","Capgemini","Melbourne, Victoria, Australia","","https://au.linkedin.com/jobs/view/graduate-software-developer-at-capgemini-4345410486","LinkedIn","2025-12-24","2025-12-24T23:19:43.840119"
"f7722ac9d2b7","MCP & Tools Python Developer - Agent Evaluation Infrastructure","Mindrift","Australia","","https://au.linkedin.com/jobs/view/mcp-tools-python-developer-agent-evaluation-infrastructure-at-mindrift-4345217544","LinkedIn","2025-12-24","2025-12-24T23:19:42.689209"
"302e74d2d04d","Senior Software Engineer (Python/Django)","Kraken","Melbourne, Victoria, Australia","","https://au.linkedin.com/jobs/view/senior-software-engineer-python-django-at-kraken-4344979441","LinkedIn","2025-12-24","2025-12-24T23:19:42.689110"
"3b3857d94032","Python Developer","BURGEON IT SERVICES","Sydney, New South Wales, Australia","","https://au.linkedin.com/jobs/view/python-developer-at-burgeon-it-services-4345961287","LinkedIn","2025-12-24","2025-12-24T23:19:42.689011"
"5b8553a3dfb4","Software Engineering","Microsoft","Sydney, New South Wales, Australia","","https://au.linkedin.com/jobs/view/software-engineering-at-microsoft-4328878738","LinkedIn","2025-12-24","2025-12-24T23:19:41.116196"
"ca16daecb12f","Software Engineer, Google Maps","Google","Sydney, New South Wales, Australia","","https://au.linkedin.com/jobs/view/software-engineer-google-maps-at-google-4325348354","LinkedIn","2025-12-24","2025-12-24T23:19:41.116105"
"e322dc4f82e6","Software Developer","Centorrino Technologies","Melbourne, Victoria, Australia","","https://au.linkedin.com/jobs/view/software-developer-at-centorrino-technologies-4345782943","LinkedIn","2025-12-24","2025-12-24T23:19:41.116007"
"912cc72d72ff","Forecasting & Data Analyst","ALDI Stores Australia","Minchinbury, New South Wales, Australia","","https://au.linkedin.com/jobs/view/forecasting-data-analyst-at-aldi-stores-australia-4339489733","LinkedIn","2025-12-24","2025-12-24T23:19:39.687659"
"ba9e630ceb68","Data Analyst","Infomedia","Sydney, New South Wales, Australia","","https://au.linkedin.com/jobs/view/data-analyst-at-infomedia-4328501248","LinkedIn","2025-12-24","2025-12-24T23:19:39.687565"
"fb4eb0ed21f0","Data Analyst","Green Hat","Hawthorn, Victoria, Australia","","https://au.linkedin.com/jobs/view/data-analyst-at-green-hat-4348944706","LinkedIn","2025-12-24","2025-12-24T23:19:39.687466"
"1d418c04e727","Data Engineer","Ingrity","Millers Point, New South Wales, Australia","","https://au.linkedin.com/jobs/view/data-engineer-at-ingrity-4344685542","LinkedIn","2025-12-24","2025-12-24T23:19:38.290601"
"c854b4d745eb","Data Engineer","Cloudwerx","Australia","","https://au.linkedin.com/jobs/view/data-engineer-at-cloudwerx-4344868324","LinkedIn","2025-12-24","2025-12-24T23:19:38.290503"
"51a80c81fca6","Senior Data Engineer - Data & Analytics","KPMG Australia","Melbourne, Victoria, Australia","","https://au.linkedin.com/jobs/view/senior-data-engineer-data-analytics-at-kpmg-australia-4328506408","LinkedIn","2025-12-24","2025-12-24T23:19:38.290384"
"bee4a01ade84","Data Integration / Analytics Engineer","Karlka Recruiting Group","Canberra ACT","","https://www.seek.com.au/job/89009965?type=standard&ref=search-standalone&origin=cardTitle","SEEK","2025-12-24","2025-12-24T23:19:37.145597"
"38bde9fe44e3","Senior Data Engineer","Profectus Australia Pty ltd","Melbourne VIC","","https://www.seek.com.au/job/89288438?type=standard&ref=search-standalone&origin=cardTitle","SEEK","2025-12-24","2025-12-24T23:19:37.145086"
"dbd45e55987d","Graduate analyst / engineer passionate about data and sustainability","Bueno","Melbourne VIC","$70,000 per year","https://www.seek.com.au/job/89310459?type=standard&ref=search-standalone&origin=cardTitle","SEEK","2025-12-24","2025-12-24T23:19:37.144718"
"d7c4febaa0a7","Senior Analytics Engineer","Talenza","Sydney NSW","$1k - $1200 p.d.","https://www.seek.com.au/job/88753939?type=standard&ref=search-standalone&origin=cardTitle","SEEK","2025-12-24","2025-12-24T23:19:37.144579"
"c7eef71b9ea2","Data Analyst - Scheduling & Planning","Sabre Engineering Services PTY LTD","Newcastle","$75k - $90k","https://www.seek.com.au/job/89145567?type=standard&ref=search-standalone&origin=cardTitle","SEEK","2025-12-24","2025-12-24T23:19:37.144431"
"b49cd4b3bd1a","Analytics Engineer","LEAP","Sydney NSW","","https://www.seek.com.au/job/89055517?type=standard&ref=search-standalone&origin=cardTitle","SEEK","2025-12-24","2025-12-24T23:19:37.144284"
"155770a299f8","Senior Data Engineer - Data & Analytics","KPMG","Melbourne VIC","Our people build skills for the future","https://www.seek.com.au/job/89295789?type=standard&ref=search-standalone&origin=cardTitle","SEEK","2025-12-24","2025-12-24T23:19:37.144059"
"42c0fa5b8bb8","Analytics Engineer","My Muscle Chef Pty Ltd","Sydney NSW","","https://www.seek.com.au/job/89241457?type=standard&ref=search-standalone&origin=cardTitle","SEEK","2025-12-24","2025-12-24T23:19:37.143684"
"b10ef03c4214","Analytics Engineer","Angle Auto Finance","Melbourne VIC","","https://www.seek.com.au/job/89209491?type=standard&ref=search-standalone&origin=cardTitle","SEEK","2025-12-24","2025-12-24T23:19:37.143430"
"5ab146230bbd","Senior Data Engineer","Profectus Australia Pty ltd","Melbourne VIC","","https://www.seek.com.au/job/89288438?type=promoted&ref=search-standalone&origin=cardTitle","SEEK","2025-12-24","2025-12-24T23:19:37.143192"
"b165640112ad","Power BI Developer","Colliers","Sydney NSW","","https://www.seek.com.au/job/88803556?type=standard&ref=search-standalone&origin=cardTitle","SEEK","2025-12-24","2025-12-24T23:19:36.465612"
"4a25327d85cb","Power BI Developer","TRS - Public Sector","Melbourne VIC","Up to $1000 p/d (may be negotiable)","https://www.seek.com.au/job/88887651?type=standard&ref=search-standalone&origin=cardTitle","SEEK","2025-12-24","2025-12-24T23:19:36.465375"
"0578ea51de17","Junior SQL & Power BI Analyst","Nigel Frank International","Sydney NSW","$70k - $80k p.a.","https://www.seek.com.au/job/89236283?type=standard&ref=search-standalone&origin=cardTitle","SEEK","2025-12-24","2025-12-24T23:19:36.465051"
"47929685935b","Business Intelligence Developer","Morgans Financial Limited","Brisbane QLD","","https://www.seek.com.au/job/89190511?type=standard&ref=search-standalone&origin=cardTitle","SEEK","2025-12-24","2025-12-24T23:19:36.464608"
"30062bd67607","BI Developer - Healthcare experienced","Milestone Information Technology","Melbourne VIC","","https://www.seek.com.au/job/88863830?type=standard&ref=search-standalone&origin=cardTitle","SEEK","2025-12-24","2025-12-24T23:19:36.463700"
"4cc6ef485e49","Junior Business Intelligence/ Business Analyst","Freedom Property Investors","Sydney NSW","$85,000 – $95,000 per year","https://www.seek.com.au/job/89189479?type=standard&ref=search-standalone&origin=cardTitle","SEEK","2025-12-24","2025-12-24T23:19:36.463466"
"aba754289423","Power BI Developer","FourQuarters Recruitment","Sydney NSW","Up to $800 package","https://www.seek.com.au/job/89216457?type=standard&ref=search-standalone&origin=cardTitle","SEEK","2025-12-24","2025-12-24T23:19:36.463312"
"e3f44fc861cc","BI Developer","Professional Search Group","Perth WA","AUD 100000 - 110000 per annum","https://www.seek.com.au/job/89311605?type=standard&ref=search-standalone&origin=cardTitle","SEEK","2025-12-24","2025-12-24T23:19:36.463012"
"47bce1ae8a77","Junior Programmer – Entry Level | Clontarf, QLD","REAL TIME MONITORING CLOUD PTY LTD","Clontarf","$65,000 – $70,000 per year","https://www.seek.com.au/job/89189621?type=standard&ref=search-standalone&origin=cardTitle","SEEK","2025-12-24","2025-12-24T23:19:35.779813"
"40257447a424","Marketing Intern / Trainee","DMA Global","Sydney NSW","","https://www.seek.com.au/job/89069537?type=standard&ref=search-standalone&origin=cardTitle","SEEK","2025-12-24","2025-12-24T23:19:35.779345"
"b6e58171e7b1","Start your Tech Career - Software Engineering Internship (TransitTech)","Springtek","Melbourne VIC","","https://www.seek.com.au/job/89007761?type=standard&ref=search-standalone&origin=cardTitle","SEEK","2025-12-24","2025-12-24T23:19:35.778135"
"15225e5f89d1","Marketing Intern / Trainee","DMA Global","Sydney NSW","","https://www.seek.com.au/job/89069537?type=promoted&ref=search-standalone&origin=cardTitle","SEEK","2025-12-24","2025-12-24T23:19:35.777905"
"c26942050079","Graduate – Cloud Application Developer","Camphin Boston","Sydney NSW","","https://www.seek.com.au/job/89209888?type=standard&ref=search-standalone&origin=cardTitle","SEEK","2025-12-24","2025-12-24T23:19:35.092248"
"d12b684be3c6","Junior Drupal Developer","Calleo","Canberra ACT","AUD 110 per hour","https://www.seek.com.au/job/89167153?type=standard&ref=search-standalone&origin=cardTitle","SEEK","2025-12-24","2025-12-24T23:19:35.091387"
"4e7578ac97a4","Junior Software Implementation Consultant - Remote","Valuable People Recruitment","Sydney NSW","$60,000 – $85,000 per year","https://www.seek.com.au/job/89255690?type=standard&ref=search-standalone&origin=cardTitle","SEEK","2025-12-24","2025-12-24T23:19:35.089990"
"dc0c55ca6eaa","Capgemini Graduate Program, Early 2026: Software Developers (Melbourne)","SEEK Grad","Hobart TAS","","https://www.seek.com.au/job/89312457?type=standard&ref=search-standalone&origin=cardTitle","SEEK","2025-12-24","2025-12-24T23:19:34.072838"
"d3a5bf203309","Software Developer (Junior/Graduate)","Resource Agility","Melbourne VIC","","https://www.seek.com.au/job/88770058?type=standard&ref=search-standalone&origin=cardTitle","SEEK","2025-12-24","2025-12-24T23:19:34.072641"
"8171410573d2","Capgemini Graduate Program, Early 2026: Software Developers (Melbourne)","SEEK Grad","Sydney NSW","","https://www.seek.com.au/job/89312461?type=standard&ref=search-standalone&origin=cardTitle","SEEK","2025-12-24","2025-12-24T23:19:34.072415"
"ecfb7d32ee59","Capgemini Graduate Program, Early 2026: Software Developers (Melbourne)","SEEK Grad","Perth WA","","https://www.seek.com.au/job/89312447?type=standard&ref=search-standalone&origin=cardTitle","SEEK","2025-12-24","2025-12-24T23:19:34.072194"
"b4333c4e0e2e","Capgemini Graduate Program, Early 2026: Software Developers (Melbourne)","SEEK Grad","Melbourne VIC","","https://www.seek.com.au/job/89312454?type=standard&ref=search-standalone&origin=cardTitle","SEEK","2025-12-24","2025-12-24T23:19:34.072006"
"161c1f20f03b","Capgemini Graduate Program, Early 2026: Software Developers (Melbourne)","SEEK Grad","Canberra ACT","","https://www.seek.com.au/job/89312450?type=standard&ref=search-standalone&origin=cardTitle","SEEK","2025-12-24","2025-12-24T23:19:34.071823"
"789a1ca22111","Capgemini Graduate Program, Early 2026: Software Developers (Melbourne)","SEEK Grad","Hobart TAS","","https://www.seek.com.au/job/89312455?type=standard&ref=search-standalone&origin=cardTitle","SEEK","2025-12-24","2025-12-24T23:19:34.071624"
"4296854ea82c","Capgemini Graduate Program, Early 2026: Software Developers (Melbourne)","SEEK Grad","Melbourne VIC","","https://www.seek.com.au/job/89312453?type=standard&ref=search-standalone&origin=cardTitle","SEEK","2025-12-24","2025-12-24T23:19:34.071204"
"07af809a44a1","The Alternative -Full Stack Cloud Software Engineer Graduate","The Alternative","Adelaide SA","","https://www.seek.com.au/job/89105873?type=standard&ref=search-standalone&origin=cardTitle","SEEK","2025-12-24","2025-12-24T23:19:34.070653"
"6b35e8e1b960","Graduate IT Sales Role | 12-month Salary Review - NSW","Proforce","Sydney NSW","","https://www.seek.com.au/job/88968518?type=promoted&ref=search-standalone&origin=cardTitle","SEEK","2025-12-24","2025-12-24T23:19:34.070031"
"1463739f3ef7","Fullstack Python Developer","Master Apps","Sydney NSW","","https://www.seek.com.au/job/89185580?type=standard&ref=search-standalone&origin=cardTitle","SEEK","2025-12-24","2025-12-24T23:19:33.332478"
"8d3c265edf17","Python Developer","FinXL IT Professional Services","Melbourne VIC","","https://www.seek.com.au/job/88831876?type=standard&ref=search-standalone&origin=cardTitle","SEEK","2025-12-24","2025-12-24T23:19:33.332259"
"51c3a3d115b0","Python Developer - Data & AI Engineering","Arcadian Digital Pty Ltd","Melbourne VIC","$90,000 – $110000 per year","https://www.seek.com.au/job/88873690?type=standard&ref=search-standalone&origin=cardTitle","SEEK","2025-12-24","2025-12-24T23:19:33.331231"
"cc3f7843a129","Python Developer","Tardis Group","Perth WA","","https://www.seek.com.au/job/88860728?type=standard&ref=search-standalone&origin=cardTitle","SEEK","2025-12-24","2025-12-24T23:19:33.331064"
"41380e4307a0","Fullstack Python Developer","Master Apps","Sydney NSW","","https://www.seek.com.au/job/89185580?type=promoted&ref=search-standalone&origin=cardTitle","SEEK","2025-12-24","2025-12-24T23:19:33.330664"
"03979d6eb05d","AI Engineer (Data Science)","Future Secure AI Pty Ltd","Sydney NSW","","https://www.seek.com.au/job/89026920?type=standard&ref=search-standalone&origin=cardTitle","SEEK","2025-12-24","2025-12-24T23:19:32.728292"
"0b91e53d4daa","Senior Machine Learning Engineer","Opus Recruitment Solutions","Sydney NSW","$120,000 – $170,000 per year","https://www.seek.com.au/job/88836245?type=standard&ref=search-standalone&origin=cardTitle","SEEK","2025-12-24","2025-12-24T23:19:32.727868"
"4629af74b731","AI Analyst","DataMesh","Sydney NSW","","https://www.seek.com.au/job/89267798?type=standard&ref=search-standalone&origin=cardTitle","SEEK","2025-12-24","2025-12-24T23:19:32.727377"
"56bd58cccc08","AI/Machine Learning Engineers","DRD Group Australia Pty Ltd","Perth WA","$135,000 - $155,000 + super","https://www.seek.com.au/job/89043798?type=standard&ref=search-standalone&origin=cardTitle","SEEK","2025-12-24","2025-12-24T23:19:32.727187"
"6821a8c24e08","Machine Learning Engineer","Reserve Bank of Australia","Sydney NSW","","https://www.seek.com.au/job/88740563?type=standard&ref=search-standalone&origin=cardTitle","SEEK","2025-12-24","2025-12-24T23:19:32.727036"
"cbcb485bcbc5","AI, Machine Learning, Data Science & Analytics","Australian Secret Intelligence Service","Adelaide SA","$97,148 - $169,572 plus superannuation","https://www.seek.com.au/job/89141849?type=standard&ref=search-standalone&origin=cardTitle","SEEK","2025-12-24","2025-12-24T23:19:32.726797"
"4a7d8462dbc6","Machine Learning Engineer","oOh!","North Sydney","","https://www.seek.com.au/job/89218835?type=standard&ref=search-standalone&origin=cardTitle","SEEK","2025-12-24","2025-12-24T23:19:32.726640"
"5f7ea0537a77","Machine Learning Engineer","Peoplebank Australia NSW","Sydney NSW","","https://www.seek.com.au/job/89211005?type=standard&ref=search-standalone&origin=cardTitle","SEEK","2025-12-24","2025-12-24T23:19:32.726079"
"884b606606f3","Senior Machine Learning Engineer","Opus Recruitment Solutions","Sydney NSW","$120,000 – $170,000 per year","https://www.seek.com.au/job/88836245?type=promoted&ref=search-standalone&origin=cardTitle","SEEK","2025-12-24","2025-12-24T23:19:32.725613"
"233b2f9e9fd1","DevOps Engineer","Accenture","Brisbane QLD","","https://www.seek.com.au/job/89249655?type=standard&ref=search-standalone&origin=cardTitle","SEEK","2025-12-24","2025-12-24T23:19:31.917035"
"8b1fcd2eb547","Devops engineer- Remote (Australia base)","Seers Group Australia","Sydney NSW","","https://www.seek.com.au/job/89041052?type=standard&ref=search-standalone&origin=cardTitle","SEEK","2025-12-24","2025-12-24T23:19:31.916811"
"fc3da3ed087b","Devops Engineer- AWS, Azure- Start Jan!","Bluefin Resources Pty Limited","Sydney NSW","AUD 150000 - 155000 per annum, + super","https://www.seek.com.au/job/89016300?type=standard&ref=search-standalone&origin=cardTitle","SEEK","2025-12-24","2025-12-24T23:19:31.916592"
"a5c3402de181","DevOps Engineer","Boeing Defence Australia","Brisbane QLD","Permanent role, generous allowances, annual bonus.","https://www.seek.com.au/job/89232529?type=standard&ref=search-standalone&origin=cardTitle","SEEK","2025-12-24","2025-12-24T23:19:31.916303"
"e4133c1b3b05","Devops Engineer","Simplified","Sydney NSW","Up to $125k base + Super","https://www.seek.com.au/job/88887779?type=standard&ref=search-standalone&origin=cardTitle","SEEK","2025-12-24","2025-12-24T23:19:31.916155"
"9b8e334603e1","Junior DevOps Engineer","Corto Pty Ltd","Sydney NSW","$90,000 – $110,000 per year","https://www.seek.com.au/job/88834235?type=standard&ref=search-standalone&origin=cardTitle","SEEK","2025-12-24","2025-12-24T23:19:31.915997"
"674de74c1791","Kubernetes DevOps Engineer","Recruitment Hive","Sydney NSW","$125.00 - $140.00 phr (incl. super)","https://www.seek.com.au/job/89265938?type=standard&ref=search-standalone&origin=cardTitle","SEEK","2025-12-24","2025-12-24T23:19:31.915815"
"75830ef91255","DevOps Cloud Engineer - AWS","AC3 Pty Limited","Brisbane QLD","$110,000-$125,000 + super + bonus + benefits","https://www.seek.com.au/job/89231309?type=standard&ref=search-standalone&origin=cardTitle","SEEK","2025-12-24","2025-12-24T23:19:31.915529"
"33a3447253e7","Devops Engineer","Simplified","Melbourne VIC","Up to $125k base + Super","https://www.seek.com.au/job/88886841?type=standard&ref=search-standalone&origin=cardTitle","SEEK","2025-12-24","2025-12-24T23:19:31.915377"
"c804e11dbf95","DevOps Engineer","Ignite","Sydney NSW","AUD 110 - 130 per hour","https://www.seek.com.au/job/89310315?type=standard&ref=search-standalone&origin=cardTitle","SEEK","2025-12-24","2025-12-24T23:19:31.915220"
"fc30ecdde2f7","Senior DevOps Engineer / Site Reliability Engineer","Freelancer.com","Sydney NSW","","https://www.seek.com.au/job/89143840?type=promoted&ref=search-standalone&origin=cardTitle","SEEK","2025-12-24","2025-12-24T23:19:31.915051"
"23d0290dfea3","Devops engineer- Remote (Australia base)","Seers Group Australia","Sydney NSW","","https://www.seek.com.au/job/89041052?type=promoted&ref=search-standalone&origin=cardTitle","SEEK","2025-12-24","2025-12-24T23:19:31.914818"
"a85968e5576b","Full Stack Developer: Build a SaaS MVP in 3 Months","Otterix","Sydney NSW","$80 – $120 per hour","https://www.seek.com.au/job/89209901?type=standard&ref=search-standalone&origin=cardTitle","SEEK","2025-12-24","2025-12-24T23:19:31.261167"
"28532993cde4","Software Engineer - .NET/React (FTC) - January start","iterate","Melbourne VIC","","https://www.seek.com.au/job/89057097?type=standard&ref=search-standalone&origin=cardTitle","SEEK","2025-12-24","2025-12-24T23:19:31.261027"
"82172c6c2ead","Senior Full Stack Developer","Technical Resources Pty Ltd","Perth WA","$100 – $120 per hour","https://www.seek.com.au/job/89194212?type=standard&ref=search-standalone&origin=cardTitle","SEEK","2025-12-24","2025-12-24T23:19:31.260844"
"de169fa25684","Full Stack Developer","Raine & Horne Pty Ltd","Sydney NSW","","https://www.seek.com.au/job/89026627?type=standard&ref=search-standalone&origin=cardTitle","SEEK","2025-12-24","2025-12-24T23:19:31.260700"
"8eb5e77d3536","Software Developer - Fullstack (Contract)","Holocentric","Sydney NSW","","https://www.seek.com.au/job/89171225?type=standard&ref=search-standalone&origin=cardTitle","SEEK","2025-12-24","2025-12-24T23:19:31.260497"
"3063d89ac394","Senior Software Developer - Fullstack (Contract)","Holocentric","Sydney NSW","$110 – $125 per hour","https://www.seek.com.au/job/89314264?type=standard&ref=search-standalone&origin=cardTitle","SEEK","2025-12-24","2025-12-24T23:19:31.260276"
"3e12ccb8421b","Full Stack Engineer","Fuse Recruitment","Melbourne VIC","AUD 105000 - 125000 per annum, inc super, WFH/CBD","https://www.seek.com.au/job/89258743?type=standard&ref=search-standalone&origin=cardTitle","SEEK","2025-12-24","2025-12-24T23:19:31.260116"
"c69f7f95c2cb","Junior Full Stack Developer","Slater and Gordon Lawyers","Melbourne VIC","","https://www.seek.com.au/job/89265786?type=standard&ref=search-standalone&origin=cardTitle","SEEK","2025-12-24","2025-12-24T23:19:31.259764"
"9c96bcab14c4","Full Stack Developer","AYE Capital Pty Ltd","Brisbane QLD","$95,000 – $140,000 per year","https://www.seek.com.au/job/88780295?type=standard&ref=search-standalone&origin=cardTitle","SEEK","2025-12-24","2025-12-24T23:19:31.259531"
"c643e4d8984d","Full Stack Developer","PlanCare","Perth WA","$105,000 – $135,000 per year","https://www.seek.com.au/job/89217195?type=standard&ref=search-standalone&origin=cardTitle","SEEK","2025-12-24","2025-12-24T23:19:31.259221"
"52264060a3cc","Web Developer","Whizdom","Canberra ACT","AUD 130 - 150 per hour","https://www.seek.com.au/job/89219358?type=standard&ref=search-standalone&origin=cardTitle","SEEK","2025-12-24","2025-12-24T23:19:30.597744"
"7e3c38a9bd5b","Frontend Software Engineer","Motion Recruitment","Melbourne VIC","","https://www.seek.com.au/job/88809389?type=standard&ref=search-standalone&origin=cardTitle","SEEK","2025-12-24","2025-12-24T23:19:30.597375"
"d8ebfdf2707c","Web Developer","FinXL IT Professional Services","Canberra ACT","","https://www.seek.com.au/job/88967488?type=standard&ref=search-standalone&origin=cardTitle","SEEK","2025-12-24","2025-12-24T23:19:30.597144"
"58c26562485b","Front-End Development (Mid Level)","Star X Technology Solutions","Sydney NSW","$70,000 – $90,000 per year","https://www.seek.com.au/job/89108432?type=standard&ref=search-standalone&origin=cardTitle","SEEK","2025-12-24","2025-12-24T23:19:30.596963"
"bf63be2a084d","Front End Developer","Sharp & Carter Digital & Technology Perth","Perth WA","$140 000 - $160 000 Package","https://www.seek.com.au/job/88954244?type=standard&ref=search-standalone&origin=cardTitle","SEEK","2025-12-24","2025-12-24T23:19:30.596820"
"836bb6104b0d","Front end developer- Remote (Australia base)","Seers Group Australia","Sydney NSW","","https://www.seek.com.au/job/89043947?type=standard&ref=search-standalone&origin=cardTitle","SEEK","2025-12-24","2025-12-24T23:19:30.596324"
"a84373bae162","Web Developer","Refuel Creative","Port Adelaide","","https://www.seek.com.au/job/89159525?type=standard&ref=search-standalone&origin=cardTitle","SEEK","2025-12-24","2025-12-24T23:19:30.595939"
"993f1aef4867","Fullstack PHP Software Developer","Jet Convert Pty Ltd","Noosa Heads","$100,000 – $130,000 per year + Super","https://www.seek.com.au/job/89311159?type=standard&ref=search-standalone&origin=cardTitle","SEEK","2025-12-24","2025-12-24T23:19:29.501245"
"85aee68f56ec","Junior Software Developer","Kinatico Ltd","Perth WA","","https://www.seek.com.au/job/88794950?type=standard&ref=search-standalone&origin=cardTitle","SEEK","2025-12-24","2025-12-24T23:19:29.501093"
"e63db62f08d2","Junior Developer","IMPOS SOLUTIONS INTERNATIONAL PTY LTD","Melbourne VIC","","https://www.seek.com.au/job/89213818?type=standard&ref=search-standalone&origin=cardTitle","SEEK","2025-12-24","2025-12-24T23:19:29.500670"
"5ec0b19f9b89","Software Engineer","ASTRAL PTY LTD","Melbourne VIC","","https://www.seek.com.au/job/89233943?type=standard&ref=search-standalone&origin=cardTitle","SEEK","2025-12-24","2025-12-24T23:19:28.820223"
"27c2eee2654b","Software Engineer","Microsoft","Sydney NSW","Subsidised health insurance + stock discounts","https://www.seek.com.au/job/89112337?type=standard&ref=search-standalone&origin=cardTitle","SEEK","2025-12-24","2025-12-24T23:19:28.819725"
"b3fa44ba7a99","Software Engineer - Expression of Interest (2026 Growth)","Consunet Pty Ltd","Adelaide SA","","https://www.seek.com.au/job/89293819?type=standard&ref=search-standalone&origin=cardTitle","SEEK","2025-12-24","2025-12-24T23:19:28.819576"
"ee0ea5689906","Software Engineering","Microsoft","Sydney NSW","Subsidised health insurance + stock discounts","https://www.seek.com.au/job/89314262?type=standard&ref=search-standalone&origin=cardTitle","SEEK","2025-12-24","2025-12-24T23:19:28.819348"
"911b18ac5763","Software Engineer","Fugro Australia Pty Ltd","West Perth","Flexible, hybrid working environment","https://www.seek.com.au/job/89316145?type=standard&ref=search-standalone&origin=cardTitle","SEEK","2025-12-24","2025-12-24T23:19:28.819194"
"8b1c9b931878","Software Engineer","Microsoft","Sydney NSW","Subsidised health insurance + stock discounts","https://www.seek.com.au/job/89194113?type=standard&ref=search-standalone&origin=cardTitle","SEEK","2025-12-24","2025-12-24T23:19:28.819029"
"61a149824d4e","Software Engineer","Microsoft","Sydney NSW","Subsidised health insurance + stock discounts","https://www.seek.com.au/job/89067385?type=standard&ref=search-standalone&origin=cardTitle","SEEK","2025-12-24","2025-12-24T23:19:28.818875"
"897b4b4951cc","Software Engineer","Rushlee","Geelong","$80,000 – $85,000 per year","https://www.seek.com.au/job/89245098?type=standard&ref=search-standalone&origin=cardTitle","SEEK","2025-12-24","2025-12-24T23:19:28.818130"
"06f3f70dddb5","Senior Data Scientist","Just Digital People","Melbourne VIC","$180,000 - 190,000 + Super","https://www.seek.com.au/job/89183859?type=standard&ref=search-standalone&origin=cardTitle","SEEK","2025-12-24","2025-12-24T23:19:28.087239"
"81c8bf2e6a7f","Data Scientist - 12 Month FTC","Konnexus","Melbourne VIC","","https://www.seek.com.au/job/89244402?type=standard&ref=search-standalone&origin=cardTitle","SEEK","2025-12-24","2025-12-24T23:19:28.087089"
"932519347fb1","Lead Data Scientist","Recruitment Hive","Canberra ACT","$130 - $150 per hour (inc. super)","https://www.seek.com.au/job/89146255?type=standard&ref=search-standalone&origin=cardTitle","SEEK","2025-12-24","2025-12-24T23:19:28.086863"
"aa7b82c0e755","Junior Data Scientist","VitalTrace Pty Ltd","Perth WA","","https://www.seek.com.au/job/89140066?type=standard&ref=search-standalone&origin=cardTitle","SEEK","2025-12-24","2025-12-24T23:19:28.086715"
"5116558624d6","Data Scientist","HorizonOne Recruitment","Canberra ACT","$130/hr - $150/hr","https://www.seek.com.au/job/89210076?type=standard&ref=search-standalone&origin=cardTitle","SEEK","2025-12-24","2025-12-24T23:19:28.086539"
"c230745ae330","Senior Data Analyst / Data Scientist","Calleo","Canberra ACT","Competitive","https://www.seek.com.au/job/89271922?type=standard&ref=search-standalone&origin=cardTitle","SEEK","2025-12-24","2025-12-24T23:19:28.086404"
"577a8295f34b","Data Scientist","Dataro","Sydney NSW","","https://www.seek.com.au/job/89256538?type=standard&ref=search-standalone&origin=cardTitle","SEEK","2025-12-24","2025-12-24T23:19:28.086262"
"40359f659fbd","Data Scientist","oOh!","North Sydney","","https://www.seek.com.au/job/89218839?type=standard&ref=search-standalone&origin=cardTitle","SEEK","2025-12-24","2025-12-24T23:19:28.086079"
"2ade612789a0","Graduate Data Scientist - Amplar Health Home Hospital","Amplar Health","Adelaide SA","","https://www.seek.com.au/job/89245087?type=standard&ref=search-standalone&origin=cardTitle","SEEK","2025-12-24","2025-12-24T23:19:28.085897"
"3cabaa6f49d8","Junior Data Science Developer","HCL Australia Services Pty Ltd","Melbourne VIC","","https://www.seek.com.au/job/89065572?type=standard&ref=search-standalone&origin=cardTitle","SEEK","2025-12-24","2025-12-24T23:19:28.085666"
"f80bcee55347","Data Scientist","Professional Search Group","Perth WA","AUD 130000 - 150000 per annum","https://www.seek.com.au/job/89239363?type=standard&ref=search-standalone&origin=cardTitle","SEEK","2025-12-24","2025-12-24T23:19:28.085426"
"c83fe04a9843","Data Scientist","Tech & Data People","Melbourne VIC","$140,000 - $160,000","https://www.seek.com.au/job/89237860?type=standard&ref=search-standalone&origin=cardTitle","SEEK","2025-12-24","2025-12-24T23:19:28.085289"
"657890715259","Data Scientist","The Onset","Sydney NSW","$140,000 - $180,000 + Super + Bonus","https://www.seek.com.au/job/89297954?type=standard&ref=search-standalone&origin=cardTitle","SEEK","2025-12-24","2025-12-24T23:19:28.085148"
"51458fe7612f","2 x Lead Data Scientists","Canberra Consulting","Canberra ACT","Negotiable","https://www.seek.com.au/job/89159346?type=promoted&ref=search-standalone&origin=cardTitle","SEEK","2025-12-24","2025-12-24T23:19:28.084998"
"d52e48138f47","Graduate Data Scientist - Amplar Health Home Hospital","Amplar Health","Adelaide SA","","https://www.seek.com.au/job/89245087?type=promoted&ref=search-standalone&origin=cardTitle","SEEK","2025-12-24","2025-12-24T23:19:28.084842"
"fd5ae4c3d96a","Graduate Analyst - Data","Hydrogen Group Pty Ltd","Sydney NSW","$40ph","https://www.seek.com.au/job/89233147?type=standard&ref=search-standalone&origin=cardTitle","SEEK","2025-12-24","2025-12-24T23:19:27.463588"
"f50aab4f5c89","Data Analyst","Recruitment Hive","Canberra ACT","$100.00 - $130.00 phr (incl. super)","https://www.seek.com.au/job/89145019?type=standard&ref=search-standalone&origin=cardTitle","SEEK","2025-12-24","2025-12-24T23:19:27.463443"
"b6c9cb8a5ba6","BI Analyst - Junior Level","Henley Properties","Mount Waverley","","https://www.seek.com.au/job/89318118?type=standard&ref=search-standalone&origin=cardTitle","SEEK","2025-12-24","2025-12-24T23:19:27.462980"
"2b74a758e667","Data Analyst","City of Darwin","Darwin NT","$95,000 – $100,000 per year + 12% superannuation","https://www.seek.com.au/job/89314207?type=standard&ref=search-standalone&origin=cardTitle","SEEK","2025-12-24","2025-12-24T23:19:27.462539"
"4d894a6686ec","Data Analyst - Debt Collection Industry","Lyndon Peak P/L","Melbourne VIC","$70,000 – $75,000 per year","https://www.seek.com.au/job/89290576?type=standard&ref=search-standalone&origin=cardTitle","SEEK","2025-12-24","2025-12-24T23:19:27.462386"
"6d6740e31bc4","Data Analyst","Abacus Group","Sydney NSW","","https://www.seek.com.au/job/89104551?type=standard&ref=search-standalone&origin=cardTitle","SEEK","2025-12-24","2025-12-24T23:19:27.461952"
"014f6b3446b5","Health Data Analyst","Murrumbidgee Primary Health Network","Wagga Wagga","$97,190 – $102,602 per year","https://www.seek.com.au/job/89268687?type=standard&ref=search-standalone&origin=cardTitle","SEEK","2025-12-24","2025-12-24T23:19:27.461753"
"03627b546f09","Data Engineer- Databricks","WNS Global Services (Australia) Pty Ltd","Brisbane QLD","$80,000 – $115,000 per year","https://www.seek.com.au/job/89260403?type=standard&ref=search-standalone&origin=cardTitle","SEEK","2025-12-24","2025-12-24T23:19:26.551892"
"ba90ef2679c7","Data Engineer","Aged Care Quality and Safety Commission","Perth WA","Annual","https://www.seek.com.au/job/89309679?type=standard&ref=search-standalone&origin=cardTitle","SEEK","2025-12-24","2025-12-24T23:19:26.551755"
"94c225d6be97","Data Engineer x 5","TheDriveGroup","Sydney NSW","","https://www.seek.com.au/job/89275719?type=standard&ref=search-standalone&origin=cardTitle","SEEK","2025-12-24","2025-12-24T23:19:26.551610"
"b8e775081ad6","Data Engineer","Aged Care Quality and Safety Commission","Sydney NSW","Annual","https://www.seek.com.au/job/89309605?type=standard&ref=search-standalone&origin=cardTitle","SEEK","2025-12-24","2025-12-24T23:19:26.551425"
"37cafdf51be1","Data Engineer","Aged Care Quality and Safety Commission","Melbourne VIC","Annual","https://www.seek.com.au/job/89309637?type=standard&ref=search-standalone&origin=cardTitle","SEEK","2025-12-24","2025-12-24T23:19:26.551280"
"9e3c1678debe","Data Engineer","Aged Care Quality and Safety Commission","Canberra ACT","Annual","https://www.seek.com.au/job/89309619?type=standard&ref=search-standalone&origin=cardTitle","SEEK","2025-12-24","2025-12-24T23:19:26.551131"
"466e671afda0","Data Engineer","Aged Care Quality and Safety Commission","Brisbane QLD","Annual","https://www.seek.com.au/job/89309695?type=standard&ref=search-standalone&origin=cardTitle","SEEK","2025-12-24","2025-12-24T23:19:26.550983"
"bbc011bf6508","Data Engineer","Aged Care Quality and Safety Commission","Darwin NT","Annual","https://www.seek.com.au/job/89309689?type=standard&ref=search-standalone&origin=cardTitle","SEEK","2025-12-24","2025-12-24T23:19:26.550836"
"a61d853d7b90","Data Engineer","Aged Care Quality and Safety Commission","Adelaide SA","Annual","https://www.seek.com.au/job/89309666?type=standard&ref=search-standalone&origin=cardTitle","SEEK","2025-12-24","2025-12-24T23:19:26.550684"
"176d80fa984a","Data Engineer","Aged Care Quality and Safety Commission","Hobart TAS","Annual","https://www.seek.com.au/job/89309649?type=standard&ref=search-standalone&origin=cardTitle","SEEK","2025-12-24","2025-12-24T23:19:26.550371"
